{
"type": "FeatureCollection",
"name": "pois",
"crs": { "type": "name", "properties": { "name": "urn:ogc:def:crs:OGC:1.3:CRS84" } },
"features": [
{ "type": "Feature", "properties": { "osm_id": "node/357769029", "name": "Boulevard Church", "amenity": "place_of_worship", "wheelchair": null, "emergency": null, "address": null }, "geometry": { "type": "Point", "coordinates": [ -78.7086157, 35.7690408 ] } },
{ "type": "Feature", "properties": { "osm_id": "node/357769059", "name": "Boylan Chapel", "amenity": "place_of_worship", "wheelchair": null, "emergency": null, "address": null }, "geometry": { "type": "Point", "coordinates": [ -78.5947248, 35.8193178 ] } },
{ "type": "Feature", "properties": { "osm_id": "node/357769061", "name": "Boylan Heights School", "amenity": "school", "wheelchair": null, "emergency": null, "address": null }, "geometry": { "type": "Point", "coordinates": [ -78.6505591, 35.7743183 ] } },
{ "type": "Feature", "properties": { "osm_id": "node/357773817", "name": "Grace Church", "amenity": "place_of_worship", "wheelchair": null, "emergency": null, "address": null }, "geometry": { "type": "Point", "coordinates": [ -78.5838914, 35.7729293 ] } },
{ "type": "Feature", "properties": { "osm_id": "node/357774857", "name": "Highland Church", "amenity": "place_of_worship", "wheelchair": null, "emergency": null, "address": null }, "geometry": { "type": "Point", "coordinates": [ -78.6322258, 35.7420966 ] } },
{ "type": "Feature", "properties": { "osm_id": "node/357775597", "name": "Independent Church", "amenity": "place_of_worship", "wheelchair": null, "emergency": null, "address": null }, "geometry": { "type": "Point", "coordinates": [ -78.7102823, 35.8512612 ] } },
{ "type": "Feature", "properties": { "osm_id": "node/357776973", "name": "Lincolnville Church", "amenity": "place_of_worship", "wheelchair": null, "emergency": null, "address": null }, "geometry": { "type": "Point", "coordinates": [ -78.7344494, 35.7929292 ] } },
{ "type": "Feature", "properties": { "osm_id": "node/357779487", "name": "Mount Vernon Goodwin School", "amenity": "school", "wheelchair": null, "emergency": null, "address": null }, "geometry": { "type": "Point", "coordinates": [ -78.7186158, 35.7904292 ] } },
{ "type": "Feature", "properties": { "osm_id": "node/357781238", "name": "Olds School", "amenity": "school", "wheelchair": null, "emergency": null, "address": null }, "geometry": { "type": "Point", "coordinates": [ -78.6755595, 35.7937624 ] } },
{ "type": "Feature", "properties": { "osm_id": "node/357782791", "name": "Pool School", "amenity": "school", "wheelchair": null, "emergency": null, "address": null }, "geometry": { "type": "Point", "coordinates": [ -78.6433368, 35.7595962 ] } },
{ "type": "Feature", "properties": { "osm_id": "node/357783265", "name": "Ravenscroft School", "amenity": "school", "wheelchair": null, "emergency": null, "address": null }, "geometry": { "type": "Point", "coordinates": [ -78.6483369, 35.7868181 ] } },
{ "type": "Feature", "properties": { "osm_id": "node/357784384", "name": "Saint Giles Church", "amenity": "place_of_worship", "wheelchair": null, "emergency": null, "address": null }, "geometry": { "type": "Point", "coordinates": [ -78.7043167, 35.8541788 ] } },
{ "type": "Feature", "properties": { "osm_id": "node/357787477", "name": "Thompson School", "amenity": "school", "wheelchair": null, "emergency": null, "address": null }, "geometry": { "type": "Point", "coordinates": [ -78.6294477, 35.778484799999987 ] } },
{ "type": "Feature", "properties": { "osm_id": "node/357787944", "name": "Underwood School", "amenity": "school", "wheelchair": null, "emergency": null, "address": null }, "geometry": { "type": "Point", "coordinates": [ -78.6450035, 35.8023734 ] } },
{ "type": "Feature", "properties": { "osm_id": "node/357789320", "name": "Wiley School", "amenity": "school", "wheelchair": null, "emergency": null, "address": null }, "geometry": { "type": "Point", "coordinates": [ -78.6515033, 35.7850522 ] } },
{ "type": "Feature", "properties": { "osm_id": "node/357813384", "name": "Brooks Avenue Church of Christ", "amenity": "place_of_worship", "wheelchair": null, "emergency": null, "address": null }, "geometry": { "type": "Point", "coordinates": [ -78.6724826, 35.7964404 ] } },
{ "type": "Feature", "properties": { "osm_id": "node/357813386", "name": "Build Upon A Rock Deliverance Ministry", "amenity": "place_of_worship", "wheelchair": null, "emergency": null, "address": null }, "geometry": { "type": "Point", "coordinates": [ -78.7219145, 35.7850536 ] } },
{ "type": "Feature", "properties": { "osm_id": "node/357813395", "name": "Capital City Christian Church", "amenity": "place_of_worship", "wheelchair": null, "emergency": null, "address": null }, "geometry": { "type": "Point", "coordinates": [ -78.6938918, 35.7825676 ] } },
{ "type": "Feature", "properties": { "osm_id": "node/357813396", "name": "Caraleigh Baptist Church", "amenity": "place_of_worship", "wheelchair": null, "emergency": null, "address": null }, "geometry": { "type": "Point", "coordinates": [ -78.6475194, 35.7613222 ] } },
{ "type": "Feature", "properties": { "osm_id": "node/357813399", "name": "Cary Christian Assembly", "amenity": "place_of_worship", "wheelchair": null, "emergency": null, "address": null }, "geometry": { "type": "Point", "coordinates": [ -78.7380562, 35.7822724 ] } },
{ "type": "Feature", "properties": { "osm_id": "node/357813403", "name": "Forest Hills Baptist Church", "amenity": "place_of_worship", "wheelchair": null, "emergency": null, "address": "201 Dixie Trail" }, "geometry": { "type": "Point", "coordinates": [ -78.6759865, 35.7929151 ] } },
{ "type": "Feature", "properties": { "osm_id": "node/357813411", "name": "Christ Wonderful World Outreach Church", "amenity": "place_of_worship", "wheelchair": null, "emergency": null, "address": null }, "geometry": { "type": "Point", "coordinates": [ -78.5843276, 35.798126899999986 ] } },
{ "type": "Feature", "properties": { "osm_id": "node/357813415", "name": "Christian Corps International", "amenity": "place_of_worship", "wheelchair": null, "emergency": null, "address": null }, "geometry": { "type": "Point", "coordinates": [ -78.6382089, 35.8681331 ] } },
{ "type": "Feature", "properties": { "osm_id": "node/357813417", "name": "Christian Faith Baptist Church", "amenity": "place_of_worship", "wheelchair": null, "emergency": null, "address": null }, "geometry": { "type": "Point", "coordinates": [ -78.6328514, 35.7413939 ] } },
{ "type": "Feature", "properties": { "osm_id": "node/357813418", "name": "Christian Missionary Faith Church", "amenity": "place_of_worship", "wheelchair": null, "emergency": null, "address": null }, "geometry": { "type": "Point", "coordinates": [ -78.6382089, 35.8681331 ] } },
{ "type": "Feature", "properties": { "osm_id": "node/357813421", "name": "Church at the Well", "amenity": "place_of_worship", "wheelchair": null, "emergency": null, "address": null }, "geometry": { "type": "Point", "coordinates": [ -78.5934486, 35.8029686 ] } },
{ "type": "Feature", "properties": { "osm_id": "node/357813431", "name": "Church of God of Prophecy", "amenity": "place_of_worship", "wheelchair": null, "emergency": null, "address": null }, "geometry": { "type": "Point", "coordinates": [ -78.625278, 35.765 ] } },
{ "type": "Feature", "properties": { "osm_id": "node/357813432", "name": "Church of God of Prophecy", "amenity": "place_of_worship", "wheelchair": null, "emergency": null, "address": null }, "geometry": { "type": "Point", "coordinates": [ -78.7092294, 35.7860116 ] } },
{ "type": "Feature", "properties": { "osm_id": "node/357813434", "name": "Church of Jesus Holy Tabernacle", "amenity": "place_of_worship", "wheelchair": null, "emergency": null, "address": null }, "geometry": { "type": "Point", "coordinates": [ -78.624489, 35.7721555 ] } },
{ "type": "Feature", "properties": { "osm_id": "node/357813451", "name": "Community United Church of Christ", "amenity": "place_of_worship", "wheelchair": null, "emergency": null, "address": null }, "geometry": { "type": "Point", "coordinates": [ -78.675588, 35.800763 ] } },
{ "type": "Feature", "properties": { "osm_id": "node/357813462", "name": "Deliverance Cathedral of Love", "amenity": "place_of_worship", "wheelchair": null, "emergency": null, "address": null }, "geometry": { "type": "Point", "coordinates": [ -78.610226, 35.7556358 ] } },
{ "type": "Feature", "properties": { "osm_id": "node/357813467", "name": "Dinwiddle Chapel", "amenity": "place_of_worship", "wheelchair": null, "emergency": null, "address": null }, "geometry": { "type": "Point", "coordinates": [ -78.6379, 35.7892 ] } },
{ "type": "Feature", "properties": { "osm_id": "node/357813504", "name": "Avent Ferry United Methodist Church", "amenity": "place_of_worship", "wheelchair": null, "emergency": null, "address": null }, "geometry": { "type": "Point", "coordinates": [ -78.68611, 35.772778 ] } },
{ "type": "Feature", "properties": { "osm_id": "node/357813514", "name": "Dillard Drive Elementary School", "amenity": "school", "wheelchair": null, "emergency": null, "address": null }, "geometry": { "type": "Point", "coordinates": [ -78.723056, 35.752222 ] } },
{ "type": "Feature", "properties": { "osm_id": "node/357813516", "name": "Dillard Drive Middle School", "amenity": "school", "wheelchair": null, "emergency": null, "address": null }, "geometry": { "type": "Point", "coordinates": [ -78.724722, 35.752778 ] } },
{ "type": "Feature", "properties": { "osm_id": "node/357813541", "name": "Millbrook United Methodist Preschool", "amenity": "school", "wheelchair": null, "emergency": null, "address": null }, "geometry": { "type": "Point", "coordinates": [ -78.6070055, 35.8494939 ] } },
{ "type": "Feature", "properties": { "osm_id": "node/357813555", "name": "Raleigh Institute of Biblical Studies", "amenity": "school", "wheelchair": null, "emergency": null, "address": null }, "geometry": { "type": "Point", "coordinates": [ -78.6080492, 35.8339621 ] } },
{ "type": "Feature", "properties": { "osm_id": "node/357813579", "name": "Triangle ECK Center", "amenity": "place_of_worship", "wheelchair": null, "emergency": null, "address": "6001 Chapel Hill Road" }, "geometry": { "type": "Point", "coordinates": [ -78.7260449, 35.7889324 ] } },
{ "type": "Feature", "properties": { "osm_id": "node/357813592", "name": "Evangelical Missionary Church", "amenity": "place_of_worship", "wheelchair": null, "emergency": null, "address": null }, "geometry": { "type": "Point", "coordinates": [ -78.623924, 35.8655861 ] } },
{ "type": "Feature", "properties": { "osm_id": "node/357813595", "name": "Faith Alive Family Church", "amenity": "place_of_worship", "wheelchair": null, "emergency": null, "address": null }, "geometry": { "type": "Point", "coordinates": [ -78.5925135, 35.8524807 ] } },
{ "type": "Feature", "properties": { "osm_id": "node/357813596", "name": "Faith Assembly Christian Center Word of Truth", "amenity": "place_of_worship", "wheelchair": null, "emergency": null, "address": null }, "geometry": { "type": "Point", "coordinates": [ -78.5900316, 35.8632324 ] } },
{ "type": "Feature", "properties": { "osm_id": "node/357813603", "name": "Family Worship Assembly", "amenity": "place_of_worship", "wheelchair": null, "emergency": null, "address": null }, "geometry": { "type": "Point", "coordinates": [ -78.5838269, 35.8379174 ] } },
{ "type": "Feature", "properties": { "osm_id": "node/357813607", "name": "First Assembly of God Church", "amenity": "place_of_worship", "wheelchair": null, "emergency": null, "address": null }, "geometry": { "type": "Point", "coordinates": [ -78.698432600000018, 35.824175 ] } },
{ "type": "Feature", "properties": { "osm_id": "node/357813616", "name": "First Church of Christ Scientist", "amenity": "place_of_worship", "wheelchair": null, "emergency": null, "address": "1400 Hillsborough Street" }, "geometry": { "type": "Point", "coordinates": [ -78.6565733, 35.7839353 ] } },
{ "type": "Feature", "properties": { "osm_id": "node/357813617", "name": "First Church of God", "amenity": "place_of_worship", "wheelchair": null, "emergency": null, "address": null }, "geometry": { "type": "Point", "coordinates": [ -78.6202275, 35.7812014 ] } },
{ "type": "Feature", "properties": { "osm_id": "node/357813627", "name": "First Trinity Free Will Baptist Church", "amenity": "place_of_worship", "wheelchair": null, "emergency": null, "address": null }, "geometry": { "type": "Point", "coordinates": [ -78.6112899, 35.7507763 ] } },
{ "type": "Feature", "properties": { "osm_id": "node/357813629", "name": "First United Pentecostal Church", "amenity": "place_of_worship", "wheelchair": null, "emergency": null, "address": null }, "geometry": { "type": "Point", "coordinates": [ -78.6729917, 35.7485807 ] } },
{ "type": "Feature", "properties": { "osm_id": "node/357813635", "name": "Freedom Temple Church", "amenity": "place_of_worship", "wheelchair": null, "emergency": null, "address": null }, "geometry": { "type": "Point", "coordinates": [ -78.6882868, 35.791272 ] } },
{ "type": "Feature", "properties": { "osm_id": "node/357813640", "name": "Fulfilled Promise Tabernacle Church", "amenity": "place_of_worship", "wheelchair": null, "emergency": null, "address": null }, "geometry": { "type": "Point", "coordinates": [ -78.6341437, 35.7679707 ] } },
{ "type": "Feature", "properties": { "osm_id": "node/357813649", "name": "Gethsemane Lutheran Church", "amenity": "place_of_worship", "wheelchair": null, "emergency": null, "address": null }, "geometry": { "type": "Point", "coordinates": [ -78.6292392, 35.879435699999988 ] } },
{ "type": "Feature", "properties": { "osm_id": "node/357813657", "name": "Glenwood South Fellowship Church", "amenity": "place_of_worship", "wheelchair": null, "emergency": null, "address": null }, "geometry": { "type": "Point", "coordinates": [ -78.6485099, 35.7847874 ] } },
{ "type": "Feature", "properties": { "osm_id": "node/357813670", "name": "Grace African Methodist Episocopal Zion Church", "amenity": "place_of_worship", "wheelchair": null, "emergency": null, "address": null }, "geometry": { "type": "Point", "coordinates": [ -78.6173608, 35.7810859 ] } },
{ "type": "Feature", "properties": { "osm_id": "node/357813675", "name": "Grace Community Church", "amenity": "place_of_worship", "wheelchair": null, "emergency": null, "address": null }, "geometry": { "type": "Point", "coordinates": [ -78.5927326, 35.8693912 ] } },
{ "type": "Feature", "properties": { "osm_id": "node/357813691", "name": "Greater Pentecostal Faith Deliverance Church", "amenity": "place_of_worship", "wheelchair": null, "emergency": null, "address": null }, "geometry": { "type": "Point", "coordinates": [ -78.5985956, 35.7719196 ] } },
{ "type": "Feature", "properties": { "osm_id": "node/357813692", "name": "Greater Philadelphia Missionary Baptist Church", "amenity": "place_of_worship", "wheelchair": null, "emergency": null, "address": null }, "geometry": { "type": "Point", "coordinates": [ -78.6625163, 35.7520277 ] } },
{ "type": "Feature", "properties": { "osm_id": "node/357813704", "name": "Hayes Barton Baptist Church", "amenity": "place_of_worship", "wheelchair": null, "emergency": null, "address": null }, "geometry": { "type": "Point", "coordinates": [ -78.6455419, 35.804527 ] } },
{ "type": "Feature", "properties": { "osm_id": "node/357813705", "name": "Hayes Barton United Methodist Church", "amenity": "place_of_worship", "wheelchair": null, "emergency": null, "address": null }, "geometry": { "type": "Point", "coordinates": [ -78.651389, 35.806944 ] } },
{ "type": "Feature", "properties": { "osm_id": "node/357813708", "name": "Higher Call Christian Church", "amenity": "place_of_worship", "wheelchair": null, "emergency": null, "address": null }, "geometry": { "type": "Point", "coordinates": [ -78.589230900000018, 35.8666635 ] } },
{ "type": "Feature", "properties": { "osm_id": "node/357813717", "name": "Hillyer Memorial Christian Church", "amenity": "place_of_worship", "wheelchair": null, "emergency": null, "address": null }, "geometry": { "type": "Point", "coordinates": [ -78.6493063, 35.7807586 ] } },
{ "type": "Feature", "properties": { "osm_id": "node/357813751", "name": "International Community Church", "amenity": "place_of_worship", "wheelchair": null, "emergency": null, "address": null }, "geometry": { "type": "Point", "coordinates": [ -78.7260436, 35.763596399999983 ] } },
{ "type": "Feature", "properties": { "osm_id": "node/357813752", "name": "Islamic Center of Raleigh", "amenity": "place_of_worship", "wheelchair": null, "emergency": null, "address": null }, "geometry": { "type": "Point", "coordinates": [ -78.6913144, 35.7897995 ] } },
{ "type": "Feature", "properties": { "osm_id": "node/357813754", "name": "Jenkins Memorial United Methodist Church;All Saints Anglican Church", "amenity": "place_of_worship", "wheelchair": null, "emergency": null, "address": null }, "geometry": { "type": "Point", "coordinates": [ -78.6489631, 35.7898365 ] } },
{ "type": "Feature", "properties": { "osm_id": "node/357813761", "name": "Jones Chapel", "amenity": "place_of_worship", "wheelchair": null, "emergency": null, "address": null }, "geometry": { "type": "Point", "coordinates": [ -78.6888, 35.7972 ] } },
{ "type": "Feature", "properties": { "osm_id": "node/357813762", "name": "Joy and Deliverance Christian Church", "amenity": "place_of_worship", "wheelchair": null, "emergency": null, "address": null }, "geometry": { "type": "Point", "coordinates": [ -78.6263976, 35.7843633 ] } },
{ "type": "Feature", "properties": { "osm_id": "node/357813775", "name": "Kingdom Missionary Baptist Church", "amenity": "place_of_worship", "wheelchair": null, "emergency": null, "address": null }, "geometry": { "type": "Point", "coordinates": [ -78.625482, 35.8140151 ] } },
{ "type": "Feature", "properties": { "osm_id": "node/357813783", "name": "Layden Memorial United Methodist Church", "amenity": "place_of_worship", "wheelchair": null, "emergency": null, "address": null }, "geometry": { "type": "Point", "coordinates": [ -78.643655, 35.7480612 ] } },
{ "type": "Feature", "properties": { "osm_id": "node/357813789", "name": "Lincoln Park Holiness Church", "amenity": "place_of_worship", "wheelchair": null, "emergency": null, "address": "13 Heath Street" }, "geometry": { "type": "Point", "coordinates": [ -78.6170013, 35.7793056 ] } },
{ "type": "Feature", "properties": { "osm_id": "node/357813790", "name": "Living Faith Apostolic Ministries", "amenity": "place_of_worship", "wheelchair": null, "emergency": null, "address": null }, "geometry": { "type": "Point", "coordinates": [ -78.5930193, 35.8582052 ] } },
{ "type": "Feature", "properties": { "osm_id": "node/357813803", "name": "Macedonia New Life Church", "amenity": "place_of_worship", "wheelchair": null, "emergency": null, "address": null }, "geometry": { "type": "Point", "coordinates": [ -78.61323, 35.7523 ] } },
{ "type": "Feature", "properties": { "osm_id": "node/357813805", "name": "Maple Temple United Church of Christ", "amenity": "place_of_worship", "wheelchair": null, "emergency": null, "address": null }, "geometry": { "type": "Point", "coordinates": [ -78.6066954, 35.7697011 ] } },
{ "type": "Feature", "properties": { "osm_id": "node/357813808", "name": "Martin Street Baptist Church", "amenity": "place_of_worship", "wheelchair": null, "emergency": null, "address": null }, "geometry": { "type": "Point", "coordinates": [ -78.62362, 35.77667 ] } },
{ "type": "Feature", "properties": { "osm_id": "node/357813818", "name": "Miracle Temple House of Prayer", "amenity": "place_of_worship", "wheelchair": null, "emergency": null, "address": null }, "geometry": { "type": "Point", "coordinates": [ -78.6743113, 35.7473228 ] } },
{ "type": "Feature", "properties": { "osm_id": "node/357813823", "name": "Morning Star Baptist Church", "amenity": "place_of_worship", "wheelchair": null, "emergency": null, "address": null }, "geometry": { "type": "Point", "coordinates": [ -78.5831289, 35.7718489 ] } },
{ "type": "Feature", "properties": { "osm_id": "node/357813842", "name": "Mount Olivet Baptist Church", "amenity": "place_of_worship", "wheelchair": null, "emergency": null, "address": null }, "geometry": { "type": "Point", "coordinates": [ -78.7028734, 35.827777 ] } },
{ "type": "Feature", "properties": { "osm_id": "node/357813845", "name": "Mount Pleasant Worship and Outreach Center", "amenity": "place_of_worship", "wheelchair": null, "emergency": null, "address": null }, "geometry": { "type": "Point", "coordinates": [ -78.6295899, 35.763457299999985 ] } },
{ "type": "Feature", "properties": { "osm_id": "node/357813847", "name": "Mount Sinai Holiness Church", "amenity": "place_of_worship", "wheelchair": null, "emergency": null, "address": null }, "geometry": { "type": "Point", "coordinates": [ -78.6289544, 35.7763047 ] } },
{ "type": "Feature", "properties": { "osm_id": "node/357813868", "name": "New Birth Apostolic Church", "amenity": "place_of_worship", "wheelchair": null, "emergency": null, "address": null }, "geometry": { "type": "Point", "coordinates": [ -78.6477945, 35.7720086 ] } },
{ "type": "Feature", "properties": { "osm_id": "node/357813870", "name": "New Community Church", "amenity": "place_of_worship", "wheelchair": null, "emergency": null, "address": null }, "geometry": { "type": "Point", "coordinates": [ -78.6213148, 35.8713744 ] } },
{ "type": "Feature", "properties": { "osm_id": "node/357813946", "name": "Our Savior Lutheran Church", "amenity": "place_of_worship", "wheelchair": null, "emergency": null, "address": "1500 Glenwood Avenue" }, "geometry": { "type": "Point", "coordinates": [ -78.6453282, 35.7995232 ] } },
{ "type": "Feature", "properties": { "osm_id": "node/357813967", "name": "Philippian Community Church of North Carolina", "amenity": "place_of_worship", "wheelchair": null, "emergency": null, "address": null }, "geometry": { "type": "Point", "coordinates": [ -78.618172900000019, 35.7689773 ] } },
{ "type": "Feature", "properties": { "osm_id": "node/357813971", "name": "Pilgrim Orthodox Presbyterian Church", "amenity": "place_of_worship", "wheelchair": null, "emergency": null, "address": null }, "geometry": { "type": "Point", "coordinates": [ -78.7238055, 35.8488647 ] } },
{ "type": "Feature", "properties": { "osm_id": "node/357813984", "name": "Powerhouse of Deliverance Church", "amenity": "place_of_worship", "wheelchair": null, "emergency": null, "address": null }, "geometry": { "type": "Point", "coordinates": [ -78.6311434, 35.7568541 ] } },
{ "type": "Feature", "properties": { "osm_id": "node/357814000", "name": "Providence Holy Church", "amenity": "place_of_worship", "wheelchair": null, "emergency": null, "address": null }, "geometry": { "type": "Point", "coordinates": [ -78.6468916, 35.7434499 ] } },
{ "type": "Feature", "properties": { "osm_id": "node/357814010", "name": "Raleigh Church of Christ", "amenity": "place_of_worship", "wheelchair": null, "emergency": null, "address": null }, "geometry": { "type": "Point", "coordinates": [ -78.7225141, 35.7750411 ] } },
{ "type": "Feature", "properties": { "osm_id": "node/357814021", "name": "Raleigh Moravian Church", "amenity": "place_of_worship", "wheelchair": null, "emergency": null, "address": null }, "geometry": { "type": "Point", "coordinates": [ -78.68285, 35.8136914 ] } },
{ "type": "Feature", "properties": { "osm_id": "node/357814024", "name": "Raleigh Rescue Mission", "amenity": "place_of_worship", "wheelchair": null, "emergency": null, "address": null }, "geometry": { "type": "Point", "coordinates": [ -78.634653, 35.7776585 ] } },
{ "type": "Feature", "properties": { "osm_id": "node/357814027", "name": "Raleigh Vineyard Christian Fellowship", "amenity": "place_of_worship", "wheelchair": null, "emergency": null, "address": null }, "geometry": { "type": "Point", "coordinates": [ -78.5962134, 35.8726576 ] } },
{ "type": "Feature", "properties": { "osm_id": "node/357814036", "name": "Redeeming Love Missionary Baptist Church", "amenity": "place_of_worship", "wheelchair": null, "emergency": null, "address": null }, "geometry": { "type": "Point", "coordinates": [ -78.5831667, 35.7668964 ] } },
{ "type": "Feature", "properties": { "osm_id": "node/357814038", "name": "Religious Science Church of Raleigh", "amenity": "place_of_worship", "wheelchair": null, "emergency": null, "address": null }, "geometry": { "type": "Point", "coordinates": [ -78.7188833, 35.7732823 ] } },
{ "type": "Feature", "properties": { "osm_id": "node/357814051", "name": "Ridge Road Baptist Church", "amenity": "place_of_worship", "wheelchair": null, "emergency": null, "address": null }, "geometry": { "type": "Point", "coordinates": [ -78.68074, 35.8179088 ] } },
{ "type": "Feature", "properties": { "osm_id": "node/357814052", "name": "River Oaks Community Church", "amenity": "place_of_worship", "wheelchair": null, "emergency": null, "address": null }, "geometry": { "type": "Point", "coordinates": [ -78.5954553, 35.8520662 ] } },
{ "type": "Feature", "properties": { "osm_id": "node/357814061", "name": "Rush Metropolitan African Methodist Episcopal Zion Church", "amenity": "place_of_worship", "wheelchair": null, "emergency": null, "address": null }, "geometry": { "type": "Point", "coordinates": [ -78.6296176, 35.7737129 ] } },
{ "type": "Feature", "properties": { "osm_id": "node/357814072", "name": "Saint Georges Anglican Church", "amenity": "place_of_worship", "wheelchair": null, "emergency": null, "address": null }, "geometry": { "type": "Point", "coordinates": [ -78.6767503, 35.8036551 ] } },
{ "type": "Feature", "properties": { "osm_id": "node/357814073", "name": "Saint James African Methodist Episcopal Church", "amenity": "place_of_worship", "wheelchair": null, "emergency": null, "address": null }, "geometry": { "type": "Point", "coordinates": [ -78.693699, 35.7937923 ] } },
{ "type": "Feature", "properties": { "osm_id": "node/357814076", "name": "Saint James Holiness Church", "amenity": "place_of_worship", "wheelchair": null, "emergency": null, "address": null }, "geometry": { "type": "Point", "coordinates": [ -78.621075, 35.77212 ] } },
{ "type": "Feature", "properties": { "osm_id": "node/357814079", "name": "Saint Johns Metropolitan Community Church", "amenity": "place_of_worship", "wheelchair": null, "emergency": null, "address": null }, "geometry": { "type": "Point", "coordinates": [ -78.64734, 35.79502 ] } },
{ "type": "Feature", "properties": { "osm_id": "node/357814105", "name": "Second Church of Christ Scientist", "amenity": "place_of_worship", "wheelchair": null, "emergency": null, "address": null }, "geometry": { "type": "Point", "coordinates": [ -78.6147424, 35.8545083 ] } },
{ "type": "Feature", "properties": { "osm_id": "node/357814109", "name": "Servants for Christ Fellowship Church", "amenity": "place_of_worship", "wheelchair": null, "emergency": null, "address": null }, "geometry": { "type": "Point", "coordinates": [ -78.5950735, 35.8062946 ] } },
{ "type": "Feature", "properties": { "osm_id": "node/357814112", "name": "Shekinah Glory Cathedral", "amenity": "place_of_worship", "wheelchair": null, "emergency": null, "address": null }, "geometry": { "type": "Point", "coordinates": [ -78.6312889, 35.7606507 ] } },
{ "type": "Feature", "properties": { "osm_id": "node/357814119", "name": "Smith Temple Church", "amenity": "place_of_worship", "wheelchair": "yes", "emergency": null, "address": "322 South East Street" }, "geometry": { "type": "Point", "coordinates": [ -78.6326615, 35.7758423 ] } },
{ "type": "Feature", "properties": { "osm_id": "node/357814121", "name": "Smith Temple Church Annex", "amenity": "place_of_worship", "wheelchair": null, "emergency": null, "address": null }, "geometry": { "type": "Point", "coordinates": [ -78.6330424, 35.7760188 ] } },
{ "type": "Feature", "properties": { "osm_id": "node/357814145", "name": "Tabernacle Christian Worship Center", "amenity": "place_of_worship", "wheelchair": null, "emergency": null, "address": null }, "geometry": { "type": "Point", "coordinates": [ -78.6080625, 35.833892 ] } },
{ "type": "Feature", "properties": { "osm_id": "node/357814156", "name": "The House of God Church", "amenity": "place_of_worship", "wheelchair": null, "emergency": null, "address": null }, "geometry": { "type": "Point", "coordinates": [ -78.6199137, 35.7705132 ] } },
{ "type": "Feature", "properties": { "osm_id": "node/357814165", "name": "Triangle Vineyard Christian Fellowship", "amenity": "place_of_worship", "wheelchair": null, "emergency": null, "address": "3917 Western Boulevard" }, "geometry": { "type": "Point", "coordinates": [ -78.6910493, 35.7842125 ] } },
{ "type": "Feature", "properties": { "osm_id": "node/357814172", "name": "Trinity Community Church", "amenity": "place_of_worship", "wheelchair": null, "emergency": null, "address": null }, "geometry": { "type": "Point", "coordinates": [ -78.7217063, 35.789511499999989 ] } },
{ "type": "Feature", "properties": { "osm_id": "node/357814176", "name": "Trinity United Faith Center Church", "amenity": "place_of_worship", "wheelchair": null, "emergency": null, "address": null }, "geometry": { "type": "Point", "coordinates": [ -78.6236143, 35.7786299 ] } },
{ "type": "Feature", "properties": { "osm_id": "node/357814188", "name": "Union Baptist Church", "amenity": "place_of_worship", "wheelchair": null, "emergency": null, "address": null }, "geometry": { "type": "Point", "coordinates": [ -78.6478668, 35.7728488 ] } },
{ "type": "Feature", "properties": { "osm_id": "node/357814191", "name": "Unitarian Universalist Fellowship of Raleigh", "amenity": "place_of_worship", "wheelchair": "yes", "emergency": null, "address": "3313 Wade Avenue" }, "geometry": { "type": "Point", "coordinates": [ -78.6792434, 35.800732 ] } },
{ "type": "Feature", "properties": { "osm_id": "node/357814209", "name": "Victory Tabernacle Church", "amenity": "place_of_worship", "wheelchair": null, "emergency": null, "address": null }, "geometry": { "type": "Point", "coordinates": [ -78.6437519, 35.7722163 ] } },
{ "type": "Feature", "properties": { "osm_id": "node/357814223", "name": "Wesleyan First Church of Deliverance", "amenity": "place_of_worship", "wheelchair": null, "emergency": null, "address": null }, "geometry": { "type": "Point", "coordinates": [ -78.6205861, 35.7812148 ] } },
{ "type": "Feature", "properties": { "osm_id": "node/357814224", "name": "West Raleigh Presbyterian Church", "amenity": "place_of_worship", "wheelchair": null, "emergency": null, "address": null }, "geometry": { "type": "Point", "coordinates": [ -78.6679621, 35.7885764 ] } },
{ "type": "Feature", "properties": { "osm_id": "node/357814226", "name": "Western Boulevard Presbyterian Church", "amenity": "place_of_worship", "wheelchair": null, "emergency": null, "address": null }, "geometry": { "type": "Point", "coordinates": [ -78.704239, 35.77789 ] } },
{ "type": "Feature", "properties": { "osm_id": "node/357814228", "name": "Westminster Presbyterian Church", "amenity": "place_of_worship", "wheelchair": null, "emergency": null, "address": null }, "geometry": { "type": "Point", "coordinates": [ -78.6374438, 35.8075684 ] } },
{ "type": "Feature", "properties": { "osm_id": "node/357814229", "name": "Westover United Methodist Church", "amenity": "place_of_worship", "wheelchair": null, "emergency": null, "address": null }, "geometry": { "type": "Point", "coordinates": [ -78.713494, 35.78815 ] } },
{ "type": "Feature", "properties": { "osm_id": "node/357814234", "name": "White Memorial Presbyterian Church", "amenity": "place_of_worship", "wheelchair": null, "emergency": null, "address": "1704 Oberlin Road" }, "geometry": { "type": "Point", "coordinates": [ -78.6555057, 35.8070071 ] } },
{ "type": "Feature", "properties": { "osm_id": "node/357814238", "name": "Williams Grove Baptist Church", "amenity": "place_of_worship", "wheelchair": null, "emergency": null, "address": null }, "geometry": { "type": "Point", "coordinates": [ -78.6199771, 35.7705555 ] } },
{ "type": "Feature", "properties": { "osm_id": "node/357814239", "name": "Wilson Temple United Methodist Church", "amenity": "place_of_worship", "wheelchair": null, "emergency": null, "address": null }, "geometry": { "type": "Point", "coordinates": [ -78.6603585, 35.798793 ] } },
{ "type": "Feature", "properties": { "osm_id": "node/357814244", "name": "Word of Faith and Power Ministries", "amenity": "place_of_worship", "wheelchair": null, "emergency": null, "address": null }, "geometry": { "type": "Point", "coordinates": [ -78.6241894, 35.7999173 ] } },
{ "type": "Feature", "properties": { "osm_id": "node/357814248", "name": "Word of God Fellowship Church", "amenity": "place_of_worship", "wheelchair": null, "emergency": null, "address": null }, "geometry": { "type": "Point", "coordinates": [ -78.5991859, 35.7471384 ] } },
{ "type": "Feature", "properties": { "osm_id": "node/367907670", "name": "Raleigh Christian Life Center", "amenity": "place_of_worship", "wheelchair": null, "emergency": null, "address": null }, "geometry": { "type": "Point", "coordinates": [ -78.5946829, 35.8588065 ] } },
{ "type": "Feature", "properties": { "osm_id": "node/367908780", "name": "Raleigh Fire Station Number 6", "amenity": "fire_station", "wheelchair": null, "emergency": null, "address": null }, "geometry": { "type": "Point", "coordinates": [ -78.6558372, 35.8089897 ] } },
{ "type": "Feature", "properties": { "osm_id": "node/367908784", "name": "Raleigh Fire Station Number 5", "amenity": "fire_station", "wheelchair": null, "emergency": null, "address": null }, "geometry": { "type": "Point", "coordinates": [ -78.66177, 35.78831 ] } },
{ "type": "Feature", "properties": { "osm_id": "node/367908788", "name": "Raleigh Fire Station Number 8", "amenity": "fire_station", "wheelchair": null, "emergency": null, "address": null }, "geometry": { "type": "Point", "coordinates": [ -78.70864, 35.78613 ] } },
{ "type": "Feature", "properties": { "osm_id": "node/367908792", "name": "Raleigh Fire Station Number 7", "amenity": "fire_station", "wheelchair": null, "emergency": null, "address": null }, "geometry": { "type": "Point", "coordinates": [ -78.61277, 35.79261 ] } },
{ "type": "Feature", "properties": { "osm_id": "node/367908861", "name": "Raleigh Fire Station Number 1", "amenity": "fire_station", "wheelchair": null, "emergency": null, "address": null }, "geometry": { "type": "Point", "coordinates": [ -78.6438255, 35.7775914 ] } },
{ "type": "Feature", "properties": { "osm_id": "node/367908865", "name": "Raleigh Fire Station Number 10", "amenity": "fire_station", "wheelchair": null, "emergency": null, "address": "2711 Sanderford Road" }, "geometry": { "type": "Point", "coordinates": [ -78.61307, 35.74169 ] } },
{ "type": "Feature", "properties": { "osm_id": "node/367908878", "name": "Raleigh Fire Station Number 15", "amenity": "fire_station", "wheelchair": null, "emergency": null, "address": null }, "geometry": { "type": "Point", "coordinates": [ -78.6078931, 35.86683 ] } },
{ "type": "Feature", "properties": { "osm_id": "node/367908882", "name": "Raleigh Fire Station Number 16", "amenity": "fire_station", "wheelchair": null, "emergency": null, "address": null }, "geometry": { "type": "Point", "coordinates": [ -78.673205, 35.852689 ] } },
{ "type": "Feature", "properties": { "osm_id": "node/367908908", "name": "Raleigh Fire Station Number 3", "amenity": "fire_station", "wheelchair": null, "emergency": null, "address": null }, "geometry": { "type": "Point", "coordinates": [ -78.63196, 35.77948 ] } },
{ "type": "Feature", "properties": { "osm_id": "node/367909237", "name": "Finch Library", "amenity": "library", "wheelchair": null, "emergency": null, "address": null }, "geometry": { "type": "Point", "coordinates": [ -78.6372, 35.7883 ] } },
{ "type": "Feature", "properties": { "osm_id": "node/1775718709", "name": "Hope Community Church", "amenity": "place_of_worship", "wheelchair": null, "emergency": null, "address": null }, "geometry": { "type": "Point", "coordinates": [ -78.7368249, 35.7709164 ] } },
{ "type": "Feature", "properties": { "osm_id": "node/1775718715", "name": "Grace Christian School", "amenity": "school", "wheelchair": null, "emergency": null, "address": null }, "geometry": { "type": "Point", "coordinates": [ -78.7366087, 35.7716841 ] } },
{ "type": "Feature", "properties": { "osm_id": "node/1979955041", "name": "Church in the Woods", "amenity": "place_of_worship", "wheelchair": null, "emergency": null, "address": null }, "geometry": { "type": "Point", "coordinates": [ -78.6351594, 35.7774303 ] } },
{ "type": "Feature", "properties": { "osm_id": "node/2470661698", "name": "William and Ida Friday Institute for Educational Innovation", "amenity": "university", "wheelchair": null, "emergency": null, "address": "1890 Main Campus Drive" }, "geometry": { "type": "Point", "coordinates": [ -78.6880202, 35.7586559 ] } },
{ "type": "Feature", "properties": { "osm_id": "node/2470669436", "name": "Department of Mechanical and Aerospace Engineering", "amenity": "university", "wheelchair": null, "emergency": null, "address": null }, "geometry": { "type": "Point", "coordinates": [ -78.6738071, 35.7710755 ] } },
{ "type": "Feature", "properties": { "osm_id": "node/2871593188", "name": "Brain Balance", "amenity": "school", "wheelchair": null, "emergency": null, "address": "8204 Tryon Woods Drive" }, "geometry": { "type": "Point", "coordinates": [ -78.7413621, 35.7461399 ] } },
{ "type": "Feature", "properties": { "osm_id": "node/3305510862", "name": "LGBT Center of Raleigh", "amenity": "community_centre", "wheelchair": null, "emergency": null, "address": "19 West Hargett Street" }, "geometry": { "type": "Point", "coordinates": [ -78.639904, 35.7781753 ] } },
{ "type": "Feature", "properties": { "osm_id": "node/4316526343", "name": "NCSU College of Veterinary Medicine", "amenity": "university", "wheelchair": null, "emergency": null, "address": null }, "geometry": { "type": "Point", "coordinates": [ -78.704084, 35.7984724 ] } },
{ "type": "Feature", "properties": { "osm_id": "node/4316526380", "name": "JC Raulston Arboretum at NC State University", "amenity": "university", "wheelchair": null, "emergency": null, "address": null }, "geometry": { "type": "Point", "coordinates": [ -78.698409, 35.794347199999983 ] } },
{ "type": "Feature", "properties": { "osm_id": "node/4316533637", "name": "North Carolina State University (Centennial Campus)", "amenity": "university", "wheelchair": null, "emergency": null, "address": null }, "geometry": { "type": "Point", "coordinates": [ -78.67473320000002, 35.7708033 ] } },
{ "type": "Feature", "properties": { "osm_id": "node/4675486917", "name": "CBC Research Building", "amenity": "university", "wheelchair": null, "emergency": null, "address": null }, "geometry": { "type": "Point", "coordinates": [ -78.7054525, 35.7972325 ] } },
{ "type": "Feature", "properties": { "osm_id": "node/4675486924", "name": "College of Veterinary Medicine Health and Wellness Center", "amenity": "university", "wheelchair": null, "emergency": null, "address": null }, "geometry": { "type": "Point", "coordinates": [ -78.7045278, 35.7982755 ] } },
{ "type": "Feature", "properties": { "osm_id": "node/4675486925", "name": "Animal Scan", "amenity": "university", "wheelchair": null, "emergency": null, "address": null }, "geometry": { "type": "Point", "coordinates": [ -78.704482, 35.7986531 ] } },
{ "type": "Feature", "properties": { "osm_id": "node/4675486926", "name": "College of Veterinary Medicine Equine and Food Animal Veterinary Center", "amenity": "university", "wheelchair": null, "emergency": null, "address": null }, "geometry": { "type": "Point", "coordinates": [ -78.7046172, 35.7990663 ] } },
{ "type": "Feature", "properties": { "osm_id": "node/4675486930", "name": "NCSU College of Veterinary Medicine Teaching Animal Unit", "amenity": "university", "wheelchair": null, "emergency": null, "address": null }, "geometry": { "type": "Point", "coordinates": [ -78.7029791, 35.7991598 ] } },
{ "type": "Feature", "properties": { "osm_id": "node/4675526264", "name": "NCSU CVM Library", "amenity": "university", "wheelchair": null, "emergency": null, "address": null }, "geometry": { "type": "Point", "coordinates": [ -78.7035792, 35.7977561 ] } },
{ "type": "Feature", "properties": { "osm_id": "node/5267029052", "name": "NC Japan Center", "amenity": "community_centre", "wheelchair": null, "emergency": null, "address": "705 Barbour Drive" }, "geometry": { "type": "Point", "coordinates": [ -78.6667851, 35.7726648 ] } },
{ "type": "Feature", "properties": { "osm_id": "node/5534648042", "name": "Lincolnville AME Church", "amenity": "place_of_worship", "wheelchair": null, "emergency": null, "address": null }, "geometry": { "type": "Point", "coordinates": [ -78.7331071, 35.790386 ] } },
{ "type": "Feature", "properties": { "osm_id": "node/5808092225", "name": "North Carolina State South Campus", "amenity": "university", "wheelchair": null, "emergency": null, "address": null }, "geometry": { "type": "Point", "coordinates": [ -78.6815172, 35.7795834 ] } },
{ "type": "Feature", "properties": { "osm_id": "node/5808092229", "name": "The North Carolina State Library", "amenity": "library", "wheelchair": null, "emergency": null, "address": null }, "geometry": { "type": "Point", "coordinates": [ -78.6370105, 35.782843599999985 ] } },
{ "type": "Feature", "properties": { "osm_id": "node/6279979466", "name": "Crossroads Fellowship Church", "amenity": "place_of_worship", "wheelchair": null, "emergency": null, "address": null }, "geometry": { "type": "Point", "coordinates": [ -78.5887921, 35.8508582 ] } },
{ "type": "Feature", "properties": { "osm_id": "node/7084849088", "name": "Visiting Angels", "amenity": "social_facility", "wheelchair": "yes", "emergency": null, "address": "5700 Six Forks Road" }, "geometry": { "type": "Point", "coordinates": [ -78.6388354, 35.8586422 ] } },
{ "type": "Feature", "properties": { "osm_id": "node/7777152955", "name": "Seven Marks Church", "amenity": "place_of_worship", "wheelchair": null, "emergency": null, "address": null }, "geometry": { "type": "Point", "coordinates": [ -78.583054, 35.8544433 ] } },
{ "type": "Feature", "properties": { "osm_id": "node/8180089107", "name": "Laws Chapel", "amenity": "place_of_worship", "wheelchair": null, "emergency": null, "address": null }, "geometry": { "type": "Point", "coordinates": [ -78.6172869, 35.7603844 ] } },
{ "type": "Feature", "properties": { "osm_id": "node/8526592369", "name": "Fire Station 11", "amenity": "fire_station", "wheelchair": null, "emergency": null, "address": "2925 Glenridge Drive" }, "geometry": { "type": "Point", "coordinates": [ -78.6006041, 35.8196992 ] } },
{ "type": "Feature", "properties": { "osm_id": "node/8529636631", "name": "Strayer University", "amenity": "university", "wheelchair": null, "emergency": null, "address": null }, "geometry": { "type": "Point", "coordinates": [ -78.5820273, 35.8567395 ] } },
{ "type": "Feature", "properties": { "osm_id": "node/8753666217", "name": "Community Workforce Solutions", "amenity": "social_facility", "wheelchair": null, "emergency": null, "address": "1011 Schaub Drive" }, "geometry": { "type": "Point", "coordinates": [ -78.7027938, 35.7839362 ] } },
{ "type": "Feature", "properties": { "osm_id": "node/8864570961", "name": "Treeo Senior Living", "amenity": "social_facility", "wheelchair": null, "emergency": null, "address": null }, "geometry": { "type": "Point", "coordinates": [ -78.5951966, 35.8577168 ] } },
{ "type": "Feature", "properties": { "osm_id": "node/10032683508", "name": "Follow the Child Montessori School", "amenity": "school", "wheelchair": null, "emergency": null, "address": "3601 Harden Road" }, "geometry": { "type": "Point", "coordinates": [ -78.7011584, 35.812721 ] } },
{ "type": "Feature", "properties": { "osm_id": "node/10612970321", "name": "Southeast Raleigh YMCA", "amenity": "community_centre", "wheelchair": null, "emergency": null, "address": "1436 Rock Quarry Road" }, "geometry": { "type": "Point", "coordinates": [ -78.61436, 35.7609113 ] } },
{ "type": "Feature", "properties": { "osm_id": "node/10612970322", "name": "Southeast Raleigh Elementary School", "amenity": "school", "wheelchair": null, "emergency": null, "address": "1436 Rock Quarry Road" }, "geometry": { "type": "Point", "coordinates": [ -78.6149122, 35.7613213 ] } },
{ "type": "Feature", "properties": { "osm_id": "node/10674310900", "name": "Wake Enterprises, Inc.", "amenity": "social_facility", "wheelchair": null, "emergency": null, "address": "3548 Bush Street" }, "geometry": { "type": "Point", "coordinates": [ -78.6113384, 35.831048799999984 ] } },
{ "type": "Feature", "properties": { "osm_id": "node/11453900869", "name": "St Gregorios Indian Orthodox Church", "amenity": "place_of_worship", "wheelchair": null, "emergency": null, "address": "225 Bashford Road" }, "geometry": { "type": "Point", "coordinates": [ -78.7391854, 35.7841871 ] } },
{ "type": "Feature", "properties": { "osm_id": "node/11453902169", "name": "Islamic Association of Raleigh", "amenity": "place_of_worship", "wheelchair": null, "emergency": null, "address": null }, "geometry": { "type": "Point", "coordinates": [ -78.6912458, 35.7898134 ] } },
{ "type": "Feature", "properties": { "osm_id": "node/11484288969", "name": "RUMAH", "amenity": "community_centre", "wheelchair": null, "emergency": null, "address": "415, suite 101" }, "geometry": { "type": "Point", "coordinates": [ -78.6457049, 35.7804806 ] } },
{ "type": "Feature", "properties": { "osm_id": "node/12078848546", "name": "Oberlin Baptist Church", "amenity": "place_of_worship", "wheelchair": null, "emergency": null, "address": "806 Oberlin Road" }, "geometry": { "type": "Point", "coordinates": [ -78.6611416, 35.7948194 ] } },
{ "type": "Feature", "properties": { "osm_id": "node/12223563601", "name": "Red Bud Writing Project", "amenity": "school", "wheelchair": null, "emergency": null, "address": null }, "geometry": { "type": "Point", "coordinates": [ -78.6346251, 35.7898863 ] } },
{ "type": "Feature", "properties": { "osm_id": "node/12228380529", "name": "Cross Assembly Church", "amenity": "place_of_worship", "wheelchair": null, "emergency": null, "address": null }, "geometry": { "type": "Point", "coordinates": [ -78.5923999, 35.868528499999989 ] } },
{ "type": "Feature", "properties": { "osm_id": "node/12656868701", "name": "The Church of Jesus Christ of Latter-day Saints Institute of Religion", "amenity": "school", "wheelchair": null, "emergency": null, "address": "6 Enterprise Street" }, "geometry": { "type": "Point", "coordinates": [ -78.6637311, 35.787378299999986 ] } },
{ "type": "Feature", "properties": { "osm_id": "node/13368817701", "name": "Tammy Lynn Center", "amenity": "school", "wheelchair": null, "emergency": null, "address": "739 Chappell Drive" }, "geometry": { "type": "Point", "coordinates": [ -78.6837782, 35.7687355 ] } },
{ "type": "Feature", "properties": { "osm_id": "node/13483083802", "name": "Greg Poole Jr all faiths chapel", "amenity": "place_of_worship", "wheelchair": null, "emergency": null, "address": "1030 Richardson Drive" }, "geometry": { "type": "Point", "coordinates": [ -78.6568231, 35.7704812 ] } },
{ "type": "Feature", "properties": { "osm_id": "node/13507725473", "name": "Wake Relief", "amenity": "social_facility", "wheelchair": null, "emergency": null, "address": "4 North Blount Street" }, "geometry": { "type": "Point", "coordinates": [ -78.6361168, 35.7806725 ] } },
{ "type": "Feature", "properties": { "osm_id": "node/13520249607", "name": "Brighton Gardens of Raleigh", "amenity": "social_facility", "wheelchair": null, "emergency": null, "address": "3101 Duraleigh Road" }, "geometry": { "type": "Point", "coordinates": [ -78.7067591, 35.8229289 ] } },
{ "type": "Feature", "properties": { "osm_id": "node/14000112101", "name": "Children's Discovery Center", "amenity": "school", "wheelchair": null, "emergency": null, "address": "5511 Avent Ferry Road" }, "geometry": { "type": "Point", "coordinates": [ -78.7170952, 35.750758 ] } },
{ "type": "Feature", "properties": { "osm_id": "relation/377821", "name": "Saint Ambrose Episcopal Church", "amenity": "place_of_worship", "wheelchair": null, "emergency": null, "address": null }, "geometry": { "type": "Point", "coordinates": [ -78.625194709776352, 35.756517830278312 ] } },
{ "type": "Feature", "properties": { "osm_id": "relation/377867", "name": "Sunrise At North Hills", "amenity": "social_facility", "wheelchair": null, "emergency": null, "address": "615 Spring Forest Road" }, "geometry": { "type": "Point", "coordinates": [ -78.625127683703894, 35.865533492248062 ] } },
{ "type": "Feature", "properties": { "osm_id": "relation/377989", "name": "St. Marks United Methodist Church", "amenity": "place_of_worship", "wheelchair": null, "emergency": null, "address": "4801 Six Forks Road" }, "geometry": { "type": "Point", "coordinates": [ -78.645289507010403, 35.845444361287434 ] } },
{ "type": "Feature", "properties": { "osm_id": "relation/378253", "name": "Broughton High School - Main Building", "amenity": "school", "wheelchair": null, "emergency": null, "address": null }, "geometry": { "type": "Point", "coordinates": [ -78.652616189739689, 35.790427945229069 ] } },
{ "type": "Feature", "properties": { "osm_id": "relation/379508", "name": "Independence Village of Olde Raleigh", "amenity": "social_facility", "wheelchair": null, "emergency": null, "address": "3113 Charles B Root Wynd" }, "geometry": { "type": "Point", "coordinates": [ -78.709637362336721, 35.82654048143398 ] } },
{ "type": "Feature", "properties": { "osm_id": "relation/379779", "name": "Highland United Methodist Church", "amenity": "place_of_worship", "wheelchair": null, "emergency": null, "address": null }, "geometry": { "type": "Point", "coordinates": [ -78.682583413322348, 35.816322040352404 ] } },
{ "type": "Feature", "properties": { "osm_id": "relation/6431764", "name": "North Carolina State University", "amenity": "university", "wheelchair": null, "emergency": null, "address": null }, "geometry": { "type": "Point", "coordinates": [ -78.67386787497712, 35.771074798571469 ] } },
{ "type": "Feature", "properties": { "osm_id": "relation/8384579", "name": "North Raleigh Chapel", "amenity": "place_of_worship", "wheelchair": null, "emergency": null, "address": "5421 Six Forks Road" }, "geometry": { "type": "Point", "coordinates": [ -78.64219152717834, 35.85593178017217 ] } },
{ "type": "Feature", "properties": { "osm_id": "relation/8384580", "name": "Hudson Memorial Presbyterian Church", "amenity": "place_of_worship", "wheelchair": "limited", "emergency": null, "address": "4921 Six Forks Road" }, "geometry": { "type": "Point", "coordinates": [ -78.644937122612248, 35.848888207180515 ] } },
{ "type": "Feature", "properties": { "osm_id": "relation/8384581", "name": "St. Marks United Methodist Church", "amenity": "place_of_worship", "wheelchair": null, "emergency": null, "address": "4801 Six Forks Road" }, "geometry": { "type": "Point", "coordinates": [ -78.645289507010403, 35.845444361287434 ] } },
{ "type": "Feature", "properties": { "osm_id": "relation/14713077", "name": "Davie Street Presbyterian Church", "amenity": "place_of_worship", "wheelchair": null, "emergency": null, "address": null }, "geometry": { "type": "Point", "coordinates": [ -78.634725690998138, 35.775117205644726 ] } },
{ "type": "Feature", "properties": { "osm_id": "relation/14713078", "name": "Edenton Street United Methodist Church", "amenity": "place_of_worship", "wheelchair": null, "emergency": null, "address": "225 West Edenton Street" }, "geometry": { "type": "Point", "coordinates": [ -78.642818586839695, 35.781795891583677 ] } },
{ "type": "Feature", "properties": { "osm_id": "relation/14715933", "name": "Emmanuel Pentecostal Holiness Church", "amenity": "place_of_worship", "wheelchair": null, "emergency": null, "address": null }, "geometry": { "type": "Point", "coordinates": [ -78.630523880527079, 35.786255362634016 ] } },
{ "type": "Feature", "properties": { "osm_id": "relation/14728532", "name": "First Baptist Church of Raleigh", "amenity": "place_of_worship", "wheelchair": null, "emergency": null, "address": "109 South Wilmington Street" }, "geometry": { "type": "Point", "coordinates": [ -78.637689298674189, 35.779373386120632 ] } },
{ "type": "Feature", "properties": { "osm_id": "relation/15875442", "name": "Baptist Grove Church", "amenity": "place_of_worship", "wheelchair": null, "emergency": null, "address": null }, "geometry": { "type": "Point", "coordinates": [ -78.702881018821472, 35.872804249675404 ] } },
{ "type": "Feature", "properties": { "osm_id": "relation/15931272", "name": "The Shepherd's Church", "amenity": "place_of_worship", "wheelchair": null, "emergency": null, "address": "6051 Tryon Road" }, "geometry": { "type": "Point", "coordinates": [ -78.743827257790798, 35.744019622290665 ] } },
{ "type": "Feature", "properties": { "osm_id": "relation/16629304", "name": "The Church of the Good Shepherd", "amenity": "place_of_worship", "wheelchair": null, "emergency": null, "address": null }, "geometry": { "type": "Point", "coordinates": [ -78.641077178415088, 35.780079650983701 ] } },
{ "type": "Feature", "properties": { "osm_id": "relation/16629306", "name": "First Presbyterian Church", "amenity": "place_of_worship", "wheelchair": null, "emergency": null, "address": null }, "geometry": { "type": "Point", "coordinates": [ -78.640505819280691, 35.778985742988354 ] } },
{ "type": "Feature", "properties": { "osm_id": "relation/16824412", "name": "Emmaus at Pilot Mill", "amenity": "place_of_worship", "wheelchair": null, "emergency": null, "address": null }, "geometry": { "type": "Point", "coordinates": [ -78.635114601941098, 35.794397300059792 ] } },
{ "type": "Feature", "properties": { "osm_id": "relation/16862336", "name": "Saint Joseph Catholic Church", "amenity": "place_of_worship", "wheelchair": null, "emergency": null, "address": null }, "geometry": { "type": "Point", "coordinates": [ -78.594272393320693, 35.772592359318324 ] } },
{ "type": "Feature", "properties": { "osm_id": "way/32090519", "name": "Dillard Drive Schools", "amenity": "school", "wheelchair": null, "emergency": null, "address": null }, "geometry": { "type": "Point", "coordinates": [ -78.724116580710472, 35.753170588345817 ] } },
{ "type": "Feature", "properties": { "osm_id": "way/32505422", "name": "Meredith College", "amenity": "university", "wheelchair": null, "emergency": null, "address": "3800 Hillsborough Street" }, "geometry": { "type": "Point", "coordinates": [ -78.68883277010174, 35.798568028323395 ] } },
{ "type": "Feature", "properties": { "osm_id": "way/47663095", "name": "Vintage Church", "amenity": "place_of_worship", "wheelchair": null, "emergency": null, "address": "118 South Person Street" }, "geometry": { "type": "Point", "coordinates": [ -78.635134307156406, 35.778472972502975 ] } },
{ "type": "Feature", "properties": { "osm_id": "way/47663680", "name": "Richard B. Harrison Library", "amenity": "library", "wheelchair": null, "emergency": null, "address": "1313 New Bern Avenue" }, "geometry": { "type": "Point", "coordinates": [ -78.618236183190191, 35.780307600025424 ] } },
{ "type": "Feature", "properties": { "osm_id": "way/47663959", "name": "Masjid an-Noor al-Muhammadi", "amenity": "place_of_worship", "wheelchair": null, "emergency": null, "address": "3620 Tryon Road" }, "geometry": { "type": "Point", "coordinates": [ -78.697887193851869, 35.74752314897394 ] } },
{ "type": "Feature", "properties": { "osm_id": "way/47680508", "name": "Temple Beth Or", "amenity": "place_of_worship", "wheelchair": null, "emergency": null, "address": "5315 Creedmoor Road" }, "geometry": { "type": "Point", "coordinates": [ -78.682282982652339, 35.855567073017909 ] } },
{ "type": "Feature", "properties": { "osm_id": "way/47680708", "name": "Ebenezer Christian Missionary Church", "amenity": "place_of_worship", "wheelchair": null, "emergency": null, "address": "7808 Ebenezer Church Road" }, "geometry": { "type": "Point", "coordinates": [ -78.743929662961918, 35.874238003493218 ] } },
{ "type": "Feature", "properties": { "osm_id": "way/47681572", "name": "Crabtree Valley Baptist Church", "amenity": "place_of_worship", "wheelchair": null, "emergency": null, "address": "4408 Lead Mine Road" }, "geometry": { "type": "Point", "coordinates": [ -78.673286607842897, 35.840486884007717 ] } },
{ "type": "Feature", "properties": { "osm_id": "way/47681608", "name": "Raleigh Fire Station 9", "amenity": "fire_station", "wheelchair": null, "emergency": null, "address": null }, "geometry": { "type": "Point", "coordinates": [ -78.643274041847974, 35.841254449893661 ] } },
{ "type": "Feature", "properties": { "osm_id": "way/47694520", "name": "Piney Grove African Methodist Episcopal Church", "amenity": "place_of_worship", "wheelchair": null, "emergency": null, "address": "3813 Pleasant Valley Road" }, "geometry": { "type": "Point", "coordinates": [ -78.700367565163162, 35.860852789705213 ] } },
{ "type": "Feature", "properties": { "osm_id": "way/47698932", "name": "Trinity Baptist Church", "amenity": "place_of_worship", "wheelchair": null, "emergency": null, "address": "4815 Six Forks Road" }, "geometry": { "type": "Point", "coordinates": [ -78.644876928101667, 35.846972851404161 ] } },
{ "type": "Feature", "properties": { "osm_id": "way/47699134", "name": "Creedmoor Road Baptist Church", "amenity": "place_of_worship", "wheelchair": null, "emergency": null, "address": "6001 Creedmoor Road" }, "geometry": { "type": "Point", "coordinates": [ -78.681315359494917, 35.865916986481707 ] } },
{ "type": "Feature", "properties": { "osm_id": "way/47699336", "name": "Pleasant Grove Church", "amenity": "place_of_worship", "wheelchair": null, "emergency": null, "address": null }, "geometry": { "type": "Point", "coordinates": [ -78.708272622442095, 35.8671017434745 ] } },
{ "type": "Feature", "properties": { "osm_id": "way/47700549", "name": "Grace Lutheran Church", "amenity": "place_of_worship", "wheelchair": null, "emergency": null, "address": "5010 Six Forks Road" }, "geometry": { "type": "Point", "coordinates": [ -78.643345968666679, 35.849394894974296 ] } },
{ "type": "Feature", "properties": { "osm_id": "way/47714211", "name": "Calvary Presbyterian Church", "amenity": "place_of_worship", "wheelchair": null, "emergency": null, "address": null }, "geometry": { "type": "Point", "coordinates": [ -78.694112532556119, 35.868422833431588 ] } },
{ "type": "Feature", "properties": { "osm_id": "way/47715069", "name": "Benson Memorial United Methodist Church", "amenity": "place_of_worship", "wheelchair": null, "emergency": null, "address": "4706 Creedmoor Road" }, "geometry": { "type": "Point", "coordinates": [ -78.679062973952057, 35.845791242529614 ] } },
{ "type": "Feature", "properties": { "osm_id": "way/47727090", "name": "United Church for All People", "amenity": "place_of_worship", "wheelchair": null, "emergency": null, "address": null }, "geometry": { "type": "Point", "coordinates": [ -78.600638557277733, 35.773703870258849 ] } },
{ "type": "Feature", "properties": { "osm_id": "way/47729545", "name": "Gethsemane True Vine Holiness Church", "amenity": "place_of_worship", "wheelchair": null, "emergency": null, "address": "725 East Martin Street" }, "geometry": { "type": "Point", "coordinates": [ -78.62743875061291, 35.776318854479314 ] } },
{ "type": "Feature", "properties": { "osm_id": "way/47729862", "name": "Eastern Star Church", "amenity": "place_of_worship", "wheelchair": null, "emergency": null, "address": "1412 Poole Road" }, "geometry": { "type": "Point", "coordinates": [ -78.616876608062412, 35.778483150222684 ] } },
{ "type": "Feature", "properties": { "osm_id": "way/47729975", "name": "As Salaam Islamic Center", "amenity": "place_of_worship", "wheelchair": null, "emergency": null, "address": "110 Lord Anson Drive" }, "geometry": { "type": "Point", "coordinates": [ -78.607480138332207, 35.778056579784497 ] } },
{ "type": "Feature", "properties": { "osm_id": "way/47731865", "name": "First Congregational Church", "amenity": "place_of_worship", "wheelchair": null, "emergency": null, "address": null }, "geometry": { "type": "Point", "coordinates": [ -78.607800534909856, 35.745010897895568 ] } },
{ "type": "Feature", "properties": { "osm_id": "way/47731877", "name": "Faith Missionary Baptist Church", "amenity": "place_of_worship", "wheelchair": null, "emergency": null, "address": null }, "geometry": { "type": "Point", "coordinates": [ -78.658623765705187, 35.745480728636217 ] } },
{ "type": "Feature", "properties": { "osm_id": "way/47732373", "name": "Raleigh Apostolic Faith Temple", "amenity": "place_of_worship", "wheelchair": null, "emergency": null, "address": null }, "geometry": { "type": "Point", "coordinates": [ -78.608304293340339, 35.776684099978617 ] } },
{ "type": "Feature", "properties": { "osm_id": "way/47732447", "name": "Erdahl Cloyd Wing", "amenity": "library", "wheelchair": null, "emergency": null, "address": null }, "geometry": { "type": "Point", "coordinates": [ -78.670571164711845, 35.787717000797429 ] } },
{ "type": "Feature", "properties": { "osm_id": "way/47732516", "name": "Praise Temple Apostolic Faith Church", "amenity": "place_of_worship", "wheelchair": null, "emergency": null, "address": null }, "geometry": { "type": "Point", "coordinates": [ -78.626496893655144, 35.798539076232402 ] } },
{ "type": "Feature", "properties": { "osm_id": "way/47740048", "name": "St. Mark's Chapel", "amenity": "place_of_worship", "wheelchair": null, "emergency": null, "address": null }, "geometry": { "type": "Point", "coordinates": [ -78.632598550000338, 35.792878200016226 ] } },
{ "type": "Feature", "properties": { "osm_id": "way/47758952", "name": "Raleigh Fire Station Number 17", "amenity": "fire_station", "wheelchair": null, "emergency": null, "address": "4601 Pleasant Valley Road" }, "geometry": { "type": "Point", "coordinates": [ -78.711716147927604, 35.85949845104146 ] } },
{ "type": "Feature", "properties": { "osm_id": "way/47759142", "name": "Bible Way Temple", "amenity": "place_of_worship", "wheelchair": null, "emergency": null, "address": null }, "geometry": { "type": "Point", "coordinates": [ -78.628645860518461, 35.766286928343412 ] } },
{ "type": "Feature", "properties": { "osm_id": "way/47759144", "name": "Shalom Christian Community Church", "amenity": "place_of_worship", "wheelchair": null, "emergency": null, "address": null }, "geometry": { "type": "Point", "coordinates": [ -78.633654318526965, 35.766432807497509 ] } },
{ "type": "Feature", "properties": { "osm_id": "way/47759147", "name": "WCPSS Connections Academy", "amenity": "school", "wheelchair": null, "emergency": null, "address": "1280 Buck Jones Road" }, "geometry": { "type": "Point", "coordinates": [ -78.741929659642125, 35.766684454162672 ] } },
{ "type": "Feature", "properties": { "osm_id": "way/47759941", "name": "United House of Prayer for All People", "amenity": "place_of_worship", "wheelchair": null, "emergency": null, "address": null }, "geometry": { "type": "Point", "coordinates": [ -78.632954846511666, 35.772379000011831 ] } },
{ "type": "Feature", "properties": { "osm_id": "way/47760004", "name": "Tupper Memorial Baptist Church", "amenity": "place_of_worship", "wheelchair": null, "emergency": null, "address": null }, "geometry": { "type": "Point", "coordinates": [ -78.636519003849358, 35.773955088028401 ] } },
{ "type": "Feature", "properties": { "osm_id": "way/47760096", "name": "Raleigh Fire Station 3", "amenity": "fire_station", "wheelchair": null, "emergency": null, "address": "13 South East Street" }, "geometry": { "type": "Point", "coordinates": [ -78.631981429951168, 35.779493550069809 ] } },
{ "type": "Feature", "properties": { "osm_id": "way/47772283", "name": "Local Church in Raleigh", "amenity": "place_of_worship", "wheelchair": null, "emergency": null, "address": null }, "geometry": { "type": "Point", "coordinates": [ -78.684597876657975, 35.775521634350937 ] } },
{ "type": "Feature", "properties": { "osm_id": "way/47776374", "name": "Governor Morehead School Library", "amenity": "library", "wheelchair": null, "emergency": null, "address": null }, "geometry": { "type": "Point", "coordinates": [ -78.659466005326337, 35.778032176677655 ] } },
{ "type": "Feature", "properties": { "osm_id": "way/47776441", "name": "Christ Episcopal Church", "amenity": "place_of_worship", "wheelchair": null, "emergency": null, "address": "120 East Edenton Street" }, "geometry": { "type": "Point", "coordinates": [ -78.637802912341357, 35.7807705360336 ] } },
{ "type": "Feature", "properties": { "osm_id": "way/47776735", "name": "Pullen Memorial Baptist Church", "amenity": "place_of_worship", "wheelchair": null, "emergency": null, "address": null }, "geometry": { "type": "Point", "coordinates": [ -78.660977746851728, 35.785056100024036 ] } },
{ "type": "Feature", "properties": { "osm_id": "way/47776788", "name": "Prezell R Robinson Library", "amenity": "library", "wheelchair": null, "emergency": null, "address": "580 Prezell R Robinson Library Circle" }, "geometry": { "type": "Point", "coordinates": [ -78.62130293989685, 35.78544455007534 ] } },
{ "type": "Feature", "properties": { "osm_id": "way/47776963", "name": "Fellowship Raleigh", "amenity": "place_of_worship", "wheelchair": null, "emergency": null, "address": "410 Lord Berkley Road" }, "geometry": { "type": "Point", "coordinates": [ -78.60961323540684, 35.783727002963424 ] } },
{ "type": "Feature", "properties": { "osm_id": "way/47777036", "name": "Saint Augustine's Chapel", "amenity": "place_of_worship", "wheelchair": null, "emergency": null, "address": "1411 Oakwood Avenue" }, "geometry": { "type": "Point", "coordinates": [ -78.619747420837882, 35.78481590052197 ] } },
{ "type": "Feature", "properties": { "osm_id": "way/47777111", "name": "Ephesus Baptist Church", "amenity": "place_of_worship", "wheelchair": null, "emergency": null, "address": "6767 Hillsborough Street" }, "geometry": { "type": "Point", "coordinates": [ -78.745729608352349, 35.788425403142703 ] } },
{ "type": "Feature", "properties": { "osm_id": "way/47777519", "name": "Raleigh North Carolina Stake", "amenity": "place_of_worship", "wheelchair": null, "emergency": null, "address": "5060 Six Forks Road" }, "geometry": { "type": "Point", "coordinates": [ -78.642647219868905, 35.850576539809431 ] } },
{ "type": "Feature", "properties": { "osm_id": "way/47777525", "name": "Duraleigh Korean Presbyterian Church", "amenity": "place_of_worship", "wheelchair": null, "emergency": null, "address": null }, "geometry": { "type": "Point", "coordinates": [ -78.710191645547198, 35.851040193923588 ] } },
{ "type": "Feature", "properties": { "osm_id": "way/47777582", "name": "Saint Paul's Christian Church", "amenity": "place_of_worship", "wheelchair": null, "emergency": null, "address": "3331 Blue Ridge Road" }, "geometry": { "type": "Point", "coordinates": [ -78.698110897024407, 35.825305014247746 ] } },
{ "type": "Feature", "properties": { "osm_id": "way/47817154", "name": "Friends Meeting of Raleigh", "amenity": "place_of_worship", "wheelchair": null, "emergency": null, "address": "625 Tower Street" }, "geometry": { "type": "Point", "coordinates": [ -78.664256159174087, 35.793365854331384 ] } },
{ "type": "Feature", "properties": { "osm_id": "way/47837069", "name": "Millbrook Baptist Church", "amenity": "place_of_worship", "wheelchair": null, "emergency": null, "address": "1519 East Millbrook Road" }, "geometry": { "type": "Point", "coordinates": [ -78.610574844019084, 35.850886654875204 ] } },
{ "type": "Feature", "properties": { "osm_id": "way/47837158", "name": "Summit Church - Blue Ridge Campus", "amenity": "place_of_worship", "wheelchair": "yes", "emergency": null, "address": "3249 Blue Ridge Road" }, "geometry": { "type": "Point", "coordinates": [ -78.699862174298516, 35.825925442294128 ] } },
{ "type": "Feature", "properties": { "osm_id": "way/47837216", "name": "Laurel Hills Community Center", "amenity": "community_centre", "wheelchair": null, "emergency": null, "address": "3808 Edwards Mill Road" }, "geometry": { "type": "Point", "coordinates": [ -78.698387174788479, 35.830235235950035 ] } },
{ "type": "Feature", "properties": { "osm_id": "way/47837465", "name": "Carlyle Cambell Library", "amenity": "library", "wheelchair": null, "emergency": null, "address": null }, "geometry": { "type": "Point", "coordinates": [ -78.689971473480057, 35.799310050595736 ] } },
{ "type": "Feature", "properties": { "osm_id": "way/47837877", "name": "The Judy D. Zelnak Center of Hope", "amenity": "social_facility", "wheelchair": null, "emergency": null, "address": "1863 Capital Boulevard" }, "geometry": { "type": "Point", "coordinates": [ -78.617048545719555, 35.807133155170938 ] } },
{ "type": "Feature", "properties": { "osm_id": "way/47880303", "name": "Temple Baptist Church", "amenity": "place_of_worship", "wheelchair": null, "emergency": null, "address": null }, "geometry": { "type": "Point", "coordinates": [ -78.627084369258668, 35.797635330089186 ] } },
{ "type": "Feature", "properties": { "osm_id": "way/47880410", "name": "Food Bank of Central and Eastern North Carolina", "amenity": "social_facility", "wheelchair": null, "emergency": null, "address": "1924 Capital Boulevard" }, "geometry": { "type": "Point", "coordinates": [ -78.615201048730114, 35.804389170627154 ] } },
{ "type": "Feature", "properties": { "osm_id": "way/47880749", "name": "Saint Michaels Episcopal Church", "amenity": "place_of_worship", "wheelchair": null, "emergency": null, "address": "1520 Canterbury Road" }, "geometry": { "type": "Point", "coordinates": [ -78.667280036122477, 35.809133956775632 ] } },
{ "type": "Feature", "properties": { "osm_id": "way/47918281", "name": "St. Matthew AME Church", "amenity": "place_of_worship", "wheelchair": null, "emergency": null, "address": "1629 Bennett Street" }, "geometry": { "type": "Point", "coordinates": [ -78.618765031126586, 35.796289909002603 ] } },
{ "type": "Feature", "properties": { "osm_id": "way/47932770", "name": "Carolina Pines Baptist Church", "amenity": "place_of_worship", "wheelchair": null, "emergency": null, "address": null }, "geometry": { "type": "Point", "coordinates": [ -78.648219093217989, 35.745832049887795 ] } },
{ "type": "Feature", "properties": { "osm_id": "way/47932773", "name": "Kingdom Hall of Jehovah’s Witnesses", "amenity": "place_of_worship", "wheelchair": "limited", "emergency": null, "address": "801 Carolina Pines Avenue" }, "geometry": { "type": "Point", "coordinates": [ -78.656747850287147, 35.746137818291004 ] } },
{ "type": "Feature", "properties": { "osm_id": "way/47932780", "name": "Macedonia United Methodist Church", "amenity": "place_of_worship", "wheelchair": null, "emergency": null, "address": null }, "geometry": { "type": "Point", "coordinates": [ -78.738605956875375, 35.746272200161826 ] } },
{ "type": "Feature", "properties": { "osm_id": "way/47932912", "name": "Watts Chapel Misisonary Baptist Church", "amenity": "place_of_worship", "wheelchair": null, "emergency": null, "address": "3703 Tryon Road" }, "geometry": { "type": "Point", "coordinates": [ -78.700824942176524, 35.747692854984152 ] } },
{ "type": "Feature", "properties": { "osm_id": "way/47933301", "name": "Islamic Association of Raleigh", "amenity": "place_of_worship", "wheelchair": null, "emergency": null, "address": "808 Atwater Street" }, "geometry": { "type": "Point", "coordinates": [ -78.691240891673402, 35.78982522440576 ] } },
{ "type": "Feature", "properties": { "osm_id": "way/47935089", "name": "Haven Free Will Baptist Church", "amenity": "place_of_worship", "wheelchair": null, "emergency": null, "address": null }, "geometry": { "type": "Point", "coordinates": [ -78.730767948575405, 35.747040845320512 ] } },
{ "type": "Feature", "properties": { "osm_id": "way/47948025", "name": "Redeeming Love Missionary Baptist Church", "amenity": "place_of_worship", "wheelchair": null, "emergency": null, "address": "3425 Rock Quarry Road" }, "geometry": { "type": "Point", "coordinates": [ -78.590380007469918, 35.748379283200109 ] } },
{ "type": "Feature", "properties": { "osm_id": "way/47948034", "name": "Grace Romanian Church of Raleigh", "amenity": "place_of_worship", "wheelchair": null, "emergency": null, "address": "4805 Dillard Drive" }, "geometry": { "type": "Point", "coordinates": [ -78.722055703994116, 35.749167555908002 ] } },
{ "type": "Feature", "properties": { "osm_id": "way/47948061", "name": "Living Waters Full Gospel Baptist Church", "amenity": "place_of_worship", "wheelchair": null, "emergency": null, "address": "3309 Cedar Springs Drive" }, "geometry": { "type": "Point", "coordinates": [ -78.692913284459792, 35.741016680423606 ] } },
{ "type": "Feature", "properties": { "osm_id": "way/47948070", "name": "Victory Church", "amenity": "place_of_worship", "wheelchair": null, "emergency": null, "address": "2825 South Wilmington Street" }, "geometry": { "type": "Point", "coordinates": [ -78.646515245997634, 35.741406495823831 ] } },
{ "type": "Feature", "properties": { "osm_id": "way/47948212", "name": "Saint John African Methodist Episcopal Church", "amenity": "place_of_worship", "wheelchair": null, "emergency": null, "address": null }, "geometry": { "type": "Point", "coordinates": [ -78.684885742547337, 35.742293168271331 ] } },
{ "type": "Feature", "properties": { "osm_id": "way/47948234", "name": "Progressive Missionary Baptist Church", "amenity": "place_of_worship", "wheelchair": null, "emergency": null, "address": null }, "geometry": { "type": "Point", "coordinates": [ -78.60794860878373, 35.743652989333526 ] } },
{ "type": "Feature", "properties": { "osm_id": "way/47948254", "name": "Holy Trinity Evangelical Lutheran Church", "amenity": "place_of_worship", "wheelchair": null, "emergency": null, "address": null }, "geometry": { "type": "Point", "coordinates": [ -78.672352347593403, 35.790645250124712 ] } },
{ "type": "Feature", "properties": { "osm_id": "way/47948345", "name": "St. Timothy's Episcopal Church", "amenity": "place_of_worship", "wheelchair": null, "emergency": null, "address": "4523 Six Forks Road" }, "geometry": { "type": "Point", "coordinates": [ -78.643883977988764, 35.841943466988916 ] } },
{ "type": "Feature", "properties": { "osm_id": "way/47948599", "name": "Providence Church", "amenity": "place_of_worship", "wheelchair": null, "emergency": null, "address": "6339 Glenwood Avenue" }, "geometry": { "type": "Point", "coordinates": [ -78.706303485594177, 35.856743774777406 ] } },
{ "type": "Feature", "properties": { "osm_id": "way/47968306", "name": "North Haven Church", "amenity": "place_of_worship", "wheelchair": null, "emergency": null, "address": "6620 Six Forks Road" }, "geometry": { "type": "Point", "coordinates": [ -78.640789118092599, 35.871205415091502 ] } },
{ "type": "Feature", "properties": { "osm_id": "way/47968319", "name": "Ignite Youth Ministry", "amenity": "place_of_worship", "wheelchair": null, "emergency": null, "address": "6636 Six Forks Road" }, "geometry": { "type": "Point", "coordinates": [ -78.640082248042106, 35.871639239790056 ] } },
{ "type": "Feature", "properties": { "osm_id": "way/47968359", "name": "Bethlehem Baptist Church", "amenity": "place_of_worship", "wheelchair": null, "emergency": null, "address": "7215 Six Forks Road" }, "geometry": { "type": "Point", "coordinates": [ -78.646074930307051, 35.878609816372801 ] } },
{ "type": "Feature", "properties": { "osm_id": "way/47968465", "name": "Asbury Church", "amenity": "place_of_worship", "wheelchair": null, "emergency": null, "address": "6612 Creedmoor Road" }, "geometry": { "type": "Point", "coordinates": [ -78.676892617564519, 35.877257499910598 ] } },
{ "type": "Feature", "properties": { "osm_id": "way/47969182", "name": "The Covington", "amenity": "social_facility", "wheelchair": null, "emergency": null, "address": "4510 Duraleigh Road" }, "geometry": { "type": "Point", "coordinates": [ -78.713286834672871, 35.839057384563553 ] } },
{ "type": "Feature", "properties": { "osm_id": "way/47969197", "name": "Green Road Library", "amenity": "library", "wheelchair": null, "emergency": null, "address": "4101 Green Road" }, "geometry": { "type": "Point", "coordinates": [ -78.591863650039372, 35.839294450168744 ] } },
{ "type": "Feature", "properties": { "osm_id": "way/148369154", "name": "Helen Y. Stough Elementary School", "amenity": "school", "wheelchair": null, "emergency": null, "address": "4210 Edwards Mill Road" }, "geometry": { "type": "Point", "coordinates": [ -78.691968803481288, 35.835378152354878 ] } },
{ "type": "Feature", "properties": { "osm_id": "way/149307420", "name": "Ebenezer Church", "amenity": "place_of_worship", "wheelchair": null, "emergency": null, "address": null }, "geometry": { "type": "Point", "coordinates": [ -78.744213378735552, 35.874022755233973 ] } },
{ "type": "Feature", "properties": { "osm_id": "way/151178093", "name": "Jeffreys Grove Elementary School", "amenity": "school", "wheelchair": null, "emergency": null, "address": null }, "geometry": { "type": "Point", "coordinates": [ -78.681025721101562, 35.868099221366286 ] } },
{ "type": "Feature", "properties": { "osm_id": "way/152164323", "name": "Lamb's Christian Center", "amenity": "place_of_worship", "wheelchair": null, "emergency": null, "address": null }, "geometry": { "type": "Point", "coordinates": [ -78.696061079550034, 35.834915832853319 ] } },
{ "type": "Feature", "properties": { "osm_id": "way/152283581", "name": "J. W. York Elementary School", "amenity": "school", "wheelchair": null, "emergency": null, "address": "5201 Brookhaven Drive" }, "geometry": { "type": "Point", "coordinates": [ -78.684433183195466, 35.852565160088254 ] } },
{ "type": "Feature", "properties": { "osm_id": "way/177166351", "name": "James B. Hunt Jr. Library", "amenity": "library", "wheelchair": null, "emergency": null, "address": "1070 Partners Way" }, "geometry": { "type": "Point", "coordinates": [ -78.676399935287691, 35.769280257535321 ] } },
{ "type": "Feature", "properties": { "osm_id": "way/188362416", "name": "Brooks Elementary School", "amenity": "school", "wheelchair": null, "emergency": null, "address": null }, "geometry": { "type": "Point", "coordinates": [ -78.654668157614765, 35.845287700537234 ] } },
{ "type": "Feature", "properties": { "osm_id": "way/190849472", "name": "Carroll Middle School", "amenity": "school", "wheelchair": null, "emergency": null, "address": null }, "geometry": { "type": "Point", "coordinates": [ -78.640905589204422, 35.843181930727546 ] } },
{ "type": "Feature", "properties": { "osm_id": "way/190849499", "name": "Douglas Elementary School", "amenity": "school", "wheelchair": null, "emergency": null, "address": null }, "geometry": { "type": "Point", "coordinates": [ -78.629395045781195, 35.839572050933057 ] } },
{ "type": "Feature", "properties": { "osm_id": "way/190849545", "name": "Green Elementary School", "amenity": "school", "wheelchair": null, "emergency": null, "address": null }, "geometry": { "type": "Point", "coordinates": [ -78.644014011764469, 35.854265163361319 ] } },
{ "type": "Feature", "properties": { "osm_id": "way/194727749", "name": "Governor Morehead School for the Blind", "amenity": "school", "wheelchair": null, "emergency": null, "address": null }, "geometry": { "type": "Point", "coordinates": [ -78.659674691067252, 35.778406678617706 ] } },
{ "type": "Feature", "properties": { "osm_id": "way/194846531", "name": "St. Augustine's University", "amenity": "university", "wheelchair": null, "emergency": null, "address": null }, "geometry": { "type": "Point", "coordinates": [ -78.618861313137103, 35.788119227646838 ] } },
{ "type": "Feature", "properties": { "osm_id": "way/195056160", "name": "William Peace University", "amenity": "university", "wheelchair": null, "emergency": null, "address": "15 East Peace Street" }, "geometry": { "type": "Point", "coordinates": [ -78.637225356529413, 35.789573036815874 ] } },
{ "type": "Feature", "properties": { "osm_id": "way/195979489", "name": "Duke Raleigh Hospital", "amenity": "hospital", "wheelchair": null, "emergency": "yes", "address": "3400 Wake Forest Road" }, "geometry": { "type": "Point", "coordinates": [ -78.617905174634089, 35.828561819043138 ] } },
{ "type": "Feature", "properties": { "osm_id": "way/196113959", "name": "Sacred Heart Cathedral", "amenity": "place_of_worship", "wheelchair": null, "emergency": null, "address": null }, "geometry": { "type": "Point", "coordinates": [ -78.642147817290066, 35.780820944065496 ] } },
{ "type": "Feature", "properties": { "osm_id": "way/196164624", "name": "Campbell University: Norman Adrian Wiggins School of Law", "amenity": "university", "wheelchair": null, "emergency": null, "address": null }, "geometry": { "type": "Point", "coordinates": [ -78.642827086790319, 35.780133205673593 ] } },
{ "type": "Feature", "properties": { "osm_id": "way/196586326", "name": "Exploris Middle School", "amenity": "school", "wheelchair": null, "emergency": null, "address": null }, "geometry": { "type": "Point", "coordinates": [ -78.645269023213118, 35.780331075266361 ] } },
{ "type": "Feature", "properties": { "osm_id": "way/197183010", "name": "Ravenscroft School", "amenity": "school", "wheelchair": null, "emergency": null, "address": null }, "geometry": { "type": "Point", "coordinates": [ -78.630488145701392, 35.884321465601218 ] } },
{ "type": "Feature", "properties": { "osm_id": "way/197431213", "name": "Carnage Middle School", "amenity": "school", "wheelchair": null, "emergency": null, "address": null }, "geometry": { "type": "Point", "coordinates": [ -78.627231481573958, 35.761859375789783 ] } },
{ "type": "Feature", "properties": { "osm_id": "way/197432502", "name": "Oberlin Magnet Middle School", "amenity": "school", "wheelchair": null, "emergency": null, "address": "2816 Oberlin Road" }, "geometry": { "type": "Point", "coordinates": [ -78.656598973517674, 35.813466113200271 ] } },
{ "type": "Feature", "properties": { "osm_id": "way/197463244", "name": "Root Elementary School", "amenity": "school", "wheelchair": null, "emergency": null, "address": null }, "geometry": { "type": "Point", "coordinates": [ -78.650266256514413, 35.825544434783666 ] } },
{ "type": "Feature", "properties": { "osm_id": "way/197463738", "name": "St. David's School", "amenity": "school", "wheelchair": "yes", "emergency": null, "address": "3400 White Oak Road" }, "geometry": { "type": "Point", "coordinates": [ -78.648500633075201, 35.823462992467086 ] } },
{ "type": "Feature", "properties": { "osm_id": "way/197841322", "name": "Broughton High School", "amenity": "school", "wheelchair": null, "emergency": null, "address": null }, "geometry": { "type": "Point", "coordinates": [ -78.652614670739766, 35.79068663940042 ] } },
{ "type": "Feature", "properties": { "osm_id": "way/197845959", "name": "Combs Elementary School", "amenity": "school", "wheelchair": null, "emergency": null, "address": null }, "geometry": { "type": "Point", "coordinates": [ -78.701168453277148, 35.774897341429202 ] } },
{ "type": "Feature", "properties": { "osm_id": "way/197846093", "name": "Athens Drive High School", "amenity": "school", "wheelchair": null, "emergency": null, "address": null }, "geometry": { "type": "Point", "coordinates": [ -78.712557170067257, 35.768328025485481 ] } },
{ "type": "Feature", "properties": { "osm_id": "way/197852026", "name": "Enloe High School", "amenity": "school", "wheelchair": null, "emergency": null, "address": null }, "geometry": { "type": "Point", "coordinates": [ -78.602920397552921, 35.783603206563122 ] } },
{ "type": "Feature", "properties": { "osm_id": "way/197852538", "name": "Poe Elementary School", "amenity": "school", "wheelchair": null, "emergency": null, "address": null }, "geometry": { "type": "Point", "coordinates": [ -78.605196495015903, 35.773273599058982 ] } },
{ "type": "Feature", "properties": { "osm_id": "way/197852842", "name": "Hunter Elementary School", "amenity": "school", "wheelchair": null, "emergency": null, "address": null }, "geometry": { "type": "Point", "coordinates": [ -78.623417872918324, 35.774269892904371 ] } },
{ "type": "Feature", "properties": { "osm_id": "way/197853031", "name": "Ligon Middle School", "amenity": "school", "wheelchair": null, "emergency": null, "address": null }, "geometry": { "type": "Point", "coordinates": [ -78.626360993928856, 35.770253998148242 ] } },
{ "type": "Feature", "properties": { "osm_id": "way/197853252", "name": "Washington Elementary School", "amenity": "school", "wheelchair": null, "emergency": null, "address": null }, "geometry": { "type": "Point", "coordinates": [ -78.644106591170527, 35.767153304509762 ] } },
{ "type": "Feature", "properties": { "osm_id": "way/197853600", "name": "Moore Square Middle School", "amenity": "school", "wheelchair": null, "emergency": null, "address": null }, "geometry": { "type": "Point", "coordinates": [ -78.634233148796156, 35.776121529436566 ] } },
{ "type": "Feature", "properties": { "osm_id": "way/197853738", "name": "Powell Elementary School", "amenity": "school", "wheelchair": null, "emergency": null, "address": null }, "geometry": { "type": "Point", "coordinates": [ -78.602945851453995, 35.795172184066026 ] } },
{ "type": "Feature", "properties": { "osm_id": "way/197854259", "name": "Longview School", "amenity": "school", "wheelchair": null, "emergency": null, "address": null }, "geometry": { "type": "Point", "coordinates": [ -78.610075349213488, 35.785483387065355 ] } },
{ "type": "Feature", "properties": { "osm_id": "way/197854671", "name": "Mary E. Phillips High School", "amenity": "school", "wheelchair": null, "emergency": null, "address": null }, "geometry": { "type": "Point", "coordinates": [ -78.61619568318153, 35.788270811610921 ] } },
{ "type": "Feature", "properties": { "osm_id": "way/197854894", "name": "Conn Magnet Elementary School", "amenity": "school", "wheelchair": null, "emergency": null, "address": null }, "geometry": { "type": "Point", "coordinates": [ -78.62278393473963, 35.796041864638873 ] } },
{ "type": "Feature", "properties": { "osm_id": "way/198163515", "name": "Holly Hill Hospital", "amenity": "hospital", "wheelchair": null, "emergency": "no", "address": "3019 Falstaff Road" }, "geometry": { "type": "Point", "coordinates": [ -78.58398840762537, 35.782928724075653 ] } },
{ "type": "Feature", "properties": { "osm_id": "way/198165156", "name": "Wake Technical Community College: Perry Health Sciences Campus", "amenity": "college", "wheelchair": null, "emergency": null, "address": null }, "geometry": { "type": "Point", "coordinates": [ -78.58501532845429, 35.784661150383229 ] } },
{ "type": "Feature", "properties": { "osm_id": "way/198168608", "name": "WakeMed Health & Hospitals: Raleigh Campus", "amenity": "hospital", "wheelchair": null, "emergency": "yes", "address": "3000 New Bern Avenue" }, "geometry": { "type": "Point", "coordinates": [ -78.588300488608922, 35.782597296041772 ] } },
{ "type": "Feature", "properties": { "osm_id": "way/199366430", "name": "Joyner Elementary School", "amenity": "school", "wheelchair": null, "emergency": null, "address": null }, "geometry": { "type": "Point", "coordinates": [ -78.633053317432726, 35.815159414308823 ] } },
{ "type": "Feature", "properties": { "osm_id": "way/199521220", "name": "Our Lady of Lourdes Catholic Church and School", "amenity": "place_of_worship", "wheelchair": null, "emergency": null, "address": null }, "geometry": { "type": "Point", "coordinates": [ -78.634061312072504, 35.818914346541831 ] } },
{ "type": "Feature", "properties": { "osm_id": "way/199693078", "name": "Church of the Apostles", "amenity": "place_of_worship", "wheelchair": null, "emergency": null, "address": null }, "geometry": { "type": "Point", "coordinates": [ -78.633654194556584, 35.835055030313249 ] } },
{ "type": "Feature", "properties": { "osm_id": "way/199923441", "name": "Sanderson High School", "amenity": "school", "wheelchair": null, "emergency": null, "address": null }, "geometry": { "type": "Point", "coordinates": [ -78.646385191613419, 35.860643467573723 ] } },
{ "type": "Feature", "properties": { "osm_id": "way/202905659", "name": "Boys Club of Wake County", "amenity": "social_facility", "wheelchair": null, "emergency": null, "address": null }, "geometry": { "type": "Point", "coordinates": [ -78.613784200518779, 35.789458529931046 ] } },
{ "type": "Feature", "properties": { "osm_id": "way/202905660", "name": "Boys & Girls Club", "amenity": "social_facility", "wheelchair": null, "emergency": null, "address": "701 Raleigh Boulevard" }, "geometry": { "type": "Point", "coordinates": [ -78.613823365070886, 35.791124223578564 ] } },
{ "type": "Feature", "properties": { "osm_id": "way/202906206", "name": "Saint Matthew African Methodist Episcopal Church", "amenity": "place_of_worship", "wheelchair": null, "emergency": null, "address": null }, "geometry": { "type": "Point", "coordinates": [ -78.618874330044932, 35.796428534213554 ] } },
{ "type": "Feature", "properties": { "osm_id": "way/204701539", "name": "The Point Church - Cary Campus", "amenity": "place_of_worship", "wheelchair": null, "emergency": null, "address": "1503 Walnut Street" }, "geometry": { "type": "Point", "coordinates": [ -78.751056559820213, 35.765462435360163 ] } },
{ "type": "Feature", "properties": { "osm_id": "way/204952962", "name": "The Fletcher Academy", "amenity": "school", "wheelchair": null, "emergency": null, "address": null }, "geometry": { "type": "Point", "coordinates": [ -78.634806456095021, 35.794843061918542 ] } },
{ "type": "Feature", "properties": { "osm_id": "way/205819705", "name": "Partnership Elementary School", "amenity": "school", "wheelchair": null, "emergency": null, "address": null }, "geometry": { "type": "Point", "coordinates": [ -78.647961692160123, 35.789691365940499 ] } },
{ "type": "Feature", "properties": { "osm_id": "way/210771438", "name": "Millbrook High School", "amenity": "school", "wheelchair": null, "emergency": null, "address": null }, "geometry": { "type": "Point", "coordinates": [ -78.603225402605446, 35.866412400547787 ] } },
{ "type": "Feature", "properties": { "osm_id": "way/234727994", "name": "D. H. Hill Library", "amenity": "library", "wheelchair": null, "emergency": null, "address": "2 West Broughton Drive" }, "geometry": { "type": "Point", "coordinates": [ -78.670176539262982, 35.787534399840347 ] } },
{ "type": "Feature", "properties": { "osm_id": "way/242615613", "name": "Wake Chapel Church", "amenity": "place_of_worship", "wheelchair": null, "emergency": null, "address": null }, "geometry": { "type": "Point", "coordinates": [ -78.615304939618852, 35.843536017322336 ] } },
{ "type": "Feature", "properties": { "osm_id": "way/242881686", "name": "D. H. Hill Library", "amenity": "library", "wheelchair": null, "emergency": null, "address": "2 West Broughton Drive" }, "geometry": { "type": "Point", "coordinates": [ -78.669571584578748, 35.787561450734785 ] } },
{ "type": "Feature", "properties": { "osm_id": "way/242881687", "name": "D. H. Hill Library", "amenity": "library", "wheelchair": null, "emergency": null, "address": "2 West Broughton Drive" }, "geometry": { "type": "Point", "coordinates": [ -78.670290244764118, 35.787310600006379 ] } },
{ "type": "Feature", "properties": { "osm_id": "way/249441612", "name": "Millbrook Elementary School", "amenity": "school", "wheelchair": null, "emergency": null, "address": null }, "geometry": { "type": "Point", "coordinates": [ -78.61077251949763, 35.848337101796112 ] } },
{ "type": "Feature", "properties": { "osm_id": "way/249442364", "name": "Millbrook United Methodist Church", "amenity": "place_of_worship", "wheelchair": null, "emergency": null, "address": null }, "geometry": { "type": "Point", "coordinates": [ -78.607078287504777, 35.849424286503464 ] } },
{ "type": "Feature", "properties": { "osm_id": "way/251106131", "name": "The Fletcher Academy", "amenity": "school", "wheelchair": null, "emergency": null, "address": null }, "geometry": { "type": "Point", "coordinates": [ -78.632547842269418, 35.857183424038347 ] } },
{ "type": "Feature", "properties": { "osm_id": "way/251109600", "name": "North Raleigh School of Music", "amenity": "school", "wheelchair": null, "emergency": null, "address": null }, "geometry": { "type": "Point", "coordinates": [ -78.641475152960666, 35.856507298081858 ] } },
{ "type": "Feature", "properties": { "osm_id": "way/251279237", "name": "Friendship Baptist Church", "amenity": "place_of_worship", "wheelchair": null, "emergency": null, "address": null }, "geometry": { "type": "Point", "coordinates": [ -78.614250904887328, 35.856844386109564 ] } },
{ "type": "Feature", "properties": { "osm_id": "way/251279415", "name": "St. Raphael the Archangel Catholic Church", "amenity": "place_of_worship", "wheelchair": null, "emergency": null, "address": null }, "geometry": { "type": "Point", "coordinates": [ -78.61925479294095, 35.859572135945726 ] } },
{ "type": "Feature", "properties": { "osm_id": "way/251282358", "name": "Lynn Road Elementary School", "amenity": "school", "wheelchair": null, "emergency": null, "address": null }, "geometry": { "type": "Point", "coordinates": [ -78.667733444084462, 35.869739760569992 ] } },
{ "type": "Feature", "properties": { "osm_id": "way/251435386", "name": "Holy Trinity Greek Orthodox Church", "amenity": "place_of_worship", "wheelchair": null, "emergency": null, "address": null }, "geometry": { "type": "Point", "coordinates": [ -78.672345607701985, 35.848664884110867 ] } },
{ "type": "Feature", "properties": { "osm_id": "way/251716951", "name": "Montessori School of Raleigh", "amenity": "school", "wheelchair": null, "emergency": null, "address": null }, "geometry": { "type": "Point", "coordinates": [ -78.662862696296941, 35.876469972387184 ] } },
{ "type": "Feature", "properties": { "osm_id": "way/252526846", "name": "Beth Meyer Synagogue", "amenity": "place_of_worship", "wheelchair": null, "emergency": null, "address": null }, "geometry": { "type": "Point", "coordinates": [ -78.63885472783295, 35.877853094477899 ] } },
{ "type": "Feature", "properties": { "osm_id": "way/252526849", "name": "Christ Baptist Church", "amenity": "place_of_worship", "wheelchair": null, "emergency": null, "address": null }, "geometry": { "type": "Point", "coordinates": [ -78.641635097636637, 35.87780535681113 ] } },
{ "type": "Feature", "properties": { "osm_id": "way/256627686", "name": "Pod 1", "amenity": "school", "wheelchair": null, "emergency": null, "address": null }, "geometry": { "type": "Point", "coordinates": [ -78.652595448132729, 35.791262006923851 ] } },
{ "type": "Feature", "properties": { "osm_id": "way/256627687", "name": "Pod 2", "amenity": "school", "wheelchair": null, "emergency": null, "address": null }, "geometry": { "type": "Point", "coordinates": [ -78.652203461719893, 35.791298238458388 ] } },
{ "type": "Feature", "properties": { "osm_id": "way/259648057", "name": "Church of the Holy Cross", "amenity": "place_of_worship", "wheelchair": null, "emergency": null, "address": null }, "geometry": { "type": "Point", "coordinates": [ -78.683424255837934, 35.860141583802047 ] } },
{ "type": "Feature", "properties": { "osm_id": "way/273384045", "name": "Martin Magnet Middle School", "amenity": "school", "wheelchair": null, "emergency": null, "address": "1701 Ridge Road" }, "geometry": { "type": "Point", "coordinates": [ -78.686577859506116, 35.81246111477995 ] } },
{ "type": "Feature", "properties": { "osm_id": "way/273384868", "name": "Lacy Elementary School", "amenity": "school", "wheelchair": null, "emergency": null, "address": null }, "geometry": { "type": "Point", "coordinates": [ -78.680757897750155, 35.81421400016562 ] } },
{ "type": "Feature", "properties": { "osm_id": "way/278531885", "name": "Fuller Elementary School", "amenity": "school", "wheelchair": null, "emergency": null, "address": null }, "geometry": { "type": "Point", "coordinates": [ -78.62391873097863, 35.755204730360028 ] } },
{ "type": "Feature", "properties": { "osm_id": "way/298882744", "name": "River of Life Church", "amenity": "place_of_worship", "wheelchair": null, "emergency": null, "address": null }, "geometry": { "type": "Point", "coordinates": [ -78.700053400214685, 35.855936200770678 ] } },
{ "type": "Feature", "properties": { "osm_id": "way/302285335", "name": "Epicentro Tabernaculo De Adoracion Christian Church", "amenity": "place_of_worship", "wheelchair": null, "emergency": null, "address": null }, "geometry": { "type": "Point", "coordinates": [ -78.710061858709281, 35.862770085886474 ] } },
{ "type": "Feature", "properties": { "osm_id": "way/327577378", "name": "Emmanuel Baptist Church", "amenity": "place_of_worship", "wheelchair": null, "emergency": null, "address": null }, "geometry": { "type": "Point", "coordinates": [ -78.634243943818149, 35.810801896970318 ] } },
{ "type": "Feature", "properties": { "osm_id": "way/332309863", "name": "Southeast Raleigh High School", "amenity": "school", "wheelchair": null, "emergency": null, "address": "2600 Rock Quarry Road" }, "geometry": { "type": "Point", "coordinates": [ -78.603925389630902, 35.7452516661263 ] } },
{ "type": "Feature", "properties": { "osm_id": "way/332325709", "name": "Walnut Creek Elementary School", "amenity": "school", "wheelchair": null, "emergency": null, "address": null }, "geometry": { "type": "Point", "coordinates": [ -78.588406773038727, 35.744571376899842 ] } },
{ "type": "Feature", "properties": { "osm_id": "way/427394519", "name": "Childcare Network #59", "amenity": "school", "wheelchair": null, "emergency": null, "address": null }, "geometry": { "type": "Point", "coordinates": [ -78.628389824847943, 35.821890913897263 ] } },
{ "type": "Feature", "properties": { "osm_id": "way/461320207", "name": "North Carolina State University North Campus", "amenity": "university", "wheelchair": null, "emergency": null, "address": null }, "geometry": { "type": "Point", "coordinates": [ -78.666939141284672, 35.784781030327707 ] } },
{ "type": "Feature", "properties": { "osm_id": "way/461320208", "name": "North Carolina State University Central Campus", "amenity": "university", "wheelchair": null, "emergency": null, "address": null }, "geometry": { "type": "Point", "coordinates": [ -78.669912038566522, 35.78324130933337 ] } },
{ "type": "Feature", "properties": { "osm_id": "way/463127327", "name": "Brentwood Magnet Elementary School", "amenity": "school", "wheelchair": null, "emergency": null, "address": null }, "geometry": { "type": "Point", "coordinates": [ -78.596878618295548, 35.829071094763535 ] } },
{ "type": "Feature", "properties": { "osm_id": "way/473428246", "name": "Terry Companion Animal Veterinary Center", "amenity": "university", "wheelchair": null, "emergency": null, "address": "1052 William Moore Drive" }, "geometry": { "type": "Point", "coordinates": [ -78.704006271484829, 35.796869924285403 ] } },
{ "type": "Feature", "properties": { "osm_id": "way/553750193", "name": "Holy Name of Jesus Cathedral", "amenity": "place_of_worship", "wheelchair": null, "emergency": null, "address": "715 Nazareth Street" }, "geometry": { "type": "Point", "coordinates": [ -78.669998100018077, 35.777493672071131 ] } },
{ "type": "Feature", "properties": { "osm_id": "way/583703196", "name": "Pullen Community Center", "amenity": "community_centre", "wheelchair": null, "emergency": null, "address": null }, "geometry": { "type": "Point", "coordinates": [ -78.66087479498411, 35.780654522016349 ] } },
{ "type": "Feature", "properties": { "osm_id": "way/584658321", "name": "All Saints Antiochian Orthodox", "amenity": "place_of_worship", "wheelchair": null, "emergency": null, "address": "520 Buck Jones Road" }, "geometry": { "type": "Point", "coordinates": [ -78.733115702686916, 35.775935271938152 ] } },
{ "type": "Feature", "properties": { "osm_id": "way/613919822", "name": "Cardinal Gibbons High School", "amenity": "school", "wheelchair": null, "emergency": null, "address": null }, "geometry": { "type": "Point", "coordinates": [ -78.728968468939954, 35.802242877760435 ] } },
{ "type": "Feature", "properties": { "osm_id": "way/633944088", "name": "Halifax Community Center", "amenity": "community_centre", "wheelchair": null, "emergency": null, "address": "1023 Halifax Street" }, "geometry": { "type": "Point", "coordinates": [ -78.638836088938149, 35.793703400166628 ] } },
{ "type": "Feature", "properties": { "osm_id": "way/634046000", "name": "Swift Creek", "amenity": "fire_station", "wheelchair": null, "emergency": null, "address": null }, "geometry": { "type": "Point", "coordinates": [ -78.739288685573953, 35.745161660758498 ] } },
{ "type": "Feature", "properties": { "osm_id": "way/647918619", "name": "Shaw University", "amenity": "university", "wheelchair": null, "emergency": null, "address": null }, "geometry": { "type": "Point", "coordinates": [ -78.636976600367149, 35.770798742375163 ] } },
{ "type": "Feature", "properties": { "osm_id": "way/674997561", "name": "Saint Paul African Methodist Episcopal Church", "amenity": "place_of_worship", "wheelchair": null, "emergency": null, "address": null }, "geometry": { "type": "Point", "coordinates": [ -78.64524337361874, 35.781655788646489 ] } },
{ "type": "Feature", "properties": { "osm_id": "way/677323472", "name": "Adventist Christian Academy of Raleigh", "amenity": "place_of_worship", "wheelchair": null, "emergency": null, "address": null }, "geometry": { "type": "Point", "coordinates": [ -78.722903806244886, 35.749245038309745 ] } },
{ "type": "Feature", "properties": { "osm_id": "way/677323640", "name": "Fo Guang Shan North Carolina Temple", "amenity": "place_of_worship", "wheelchair": null, "emergency": null, "address": null }, "geometry": { "type": "Point", "coordinates": [ -78.734380407520248, 35.747256395553201 ] } },
{ "type": "Feature", "properties": { "osm_id": "way/677327789", "name": "All Saints Anglican Church", "amenity": "place_of_worship", "wheelchair": null, "emergency": null, "address": null }, "geometry": { "type": "Point", "coordinates": [ -78.706723198719786, 35.78559502858203 ] } },
{ "type": "Feature", "properties": { "osm_id": "way/679974311", "name": "Holy Trinity Anglican Church", "amenity": "place_of_worship", "wheelchair": null, "emergency": null, "address": "100 East Peace Street" }, "geometry": { "type": "Point", "coordinates": [ -78.637321318771612, 35.78764011006799 ] } },
{ "type": "Feature", "properties": { "osm_id": "way/708870981", "name": "Saint Mary's School", "amenity": "school", "wheelchair": null, "emergency": null, "address": null }, "geometry": { "type": "Point", "coordinates": [ -78.652869293496607, 35.782615380194855 ] } },
{ "type": "Feature", "properties": { "osm_id": "way/741797178", "name": "North Haven Child Development Center", "amenity": "school", "wheelchair": null, "emergency": null, "address": null }, "geometry": { "type": "Point", "coordinates": [ -78.639937073274893, 35.871055759384255 ] } },
{ "type": "Feature", "properties": { "osm_id": "way/764471771", "name": "North Ridge Elementary", "amenity": "school", "wheelchair": null, "emergency": null, "address": null }, "geometry": { "type": "Point", "coordinates": [ -78.622815252450962, 35.88125959037 ] } },
{ "type": "Feature", "properties": { "osm_id": "way/785466705", "name": "St. Timothy's School", "amenity": "school", "wheelchair": null, "emergency": null, "address": null }, "geometry": { "type": "Point", "coordinates": [ -78.644510083410296, 35.841385316682306 ] } },
{ "type": "Feature", "properties": { "osm_id": "way/788706974", "name": "Fire Station 9", "amenity": "fire_station", "wheelchair": null, "emergency": null, "address": null }, "geometry": { "type": "Point", "coordinates": [ -78.752367700151936, 35.765542565740525 ] } },
{ "type": "Feature", "properties": { "osm_id": "way/789718313", "name": "Stoneridge Gracious Retirement Living", "amenity": "social_facility", "wheelchair": null, "emergency": null, "address": "105 Convention Drive" }, "geometry": { "type": "Point", "coordinates": [ -78.759120555688028, 35.775948458638865 ] } },
{ "type": "Feature", "properties": { "osm_id": "way/839764573", "name": "Revelation Free Will Baptist Church", "amenity": "place_of_worship", "wheelchair": null, "emergency": null, "address": null }, "geometry": { "type": "Point", "coordinates": [ -78.626156788778772, 35.775078797205616 ] } },
{ "type": "Feature", "properties": { "osm_id": "way/913687471", "name": "Kiwanis Park Community Center", "amenity": "community_centre", "wheelchair": null, "emergency": null, "address": null }, "geometry": { "type": "Point", "coordinates": [ -78.631390109705833, 35.815112953289869 ] } },
{ "type": "Feature", "properties": { "osm_id": "way/946755877", "name": "North Carolina State University", "amenity": "university", "wheelchair": null, "emergency": null, "address": null }, "geometry": { "type": "Point", "coordinates": [ -78.661584462773732, 35.785147155557219 ] } },
{ "type": "Feature", "properties": { "osm_id": "way/946755885", "name": "North Carolina State University", "amenity": "university", "wheelchair": null, "emergency": null, "address": null }, "geometry": { "type": "Point", "coordinates": [ -78.662808968871843, 35.786643600325419 ] } },
{ "type": "Feature", "properties": { "osm_id": "way/946755886", "name": "North Carolina State University", "amenity": "university", "wheelchair": null, "emergency": null, "address": null }, "geometry": { "type": "Point", "coordinates": [ -78.661795138539375, 35.787048234622141 ] } },
{ "type": "Feature", "properties": { "osm_id": "way/1064103551", "name": "John Chavis Community Center", "amenity": "community_centre", "wheelchair": null, "emergency": null, "address": "505 Martin Luther King Jr Boulevard" }, "geometry": { "type": "Point", "coordinates": [ -78.629832784413196, 35.769645467810356 ] } },
{ "type": "Feature", "properties": { "osm_id": "way/1073461452", "name": "Falkcrest Clubhouse", "amenity": "community_centre", "wheelchair": null, "emergency": null, "address": "741 Falkcrest Court" }, "geometry": { "type": "Point", "coordinates": [ -78.616740115030069, 35.789707699350167 ] } },
{ "type": "Feature", "properties": { "osm_id": "way/1095695844", "name": "Crossroads Flex High School", "amenity": "school", "wheelchair": null, "emergency": null, "address": null }, "geometry": { "type": "Point", "coordinates": [ -78.738371762759883, 35.754746953630182 ] } },
{ "type": "Feature", "properties": { "osm_id": "way/1095695845", "name": "Wake STEM Early College High School", "amenity": "school", "wheelchair": null, "emergency": null, "address": null }, "geometry": { "type": "Point", "coordinates": [ -78.740149157409434, 35.755032120298857 ] } },
{ "type": "Feature", "properties": { "osm_id": "way/1184319024", "name": "Hilburn Drive Academy", "amenity": "school", "wheelchair": null, "emergency": null, "address": null }, "geometry": { "type": "Point", "coordinates": [ -78.714301280406715, 35.874937722489094 ] } },
{ "type": "Feature", "properties": { "osm_id": "way/1206489369", "name": "Raleigh Fire Station Number 14", "amenity": "fire_station", "wheelchair": null, "emergency": null, "address": null }, "geometry": { "type": "Point", "coordinates": [ -78.699984790768852, 35.813528634474814 ] } },
{ "type": "Feature", "properties": { "osm_id": "way/1230232595", "name": "Raleigh Fire Station Number 12", "amenity": "fire_station", "wheelchair": null, "emergency": null, "address": null }, "geometry": { "type": "Point", "coordinates": [ -78.579810193192358, 35.769103220378383 ] } },
{ "type": "Feature", "properties": { "osm_id": "way/1230751920", "name": "Bugg Magnet Elementary School", "amenity": "school", "wheelchair": null, "emergency": null, "address": null }, "geometry": { "type": "Point", "coordinates": [ -78.586286301048304, 35.764683650225088 ] } },
{ "type": "Feature", "properties": { "osm_id": "way/1231283097", "name": "Raleigh Fire Station Number 20", "amenity": "fire_station", "wheelchair": null, "emergency": null, "address": null }, "geometry": { "type": "Point", "coordinates": [ -78.692638974678133, 35.755918300583112 ] } },
{ "type": "Feature", "properties": { "osm_id": "way/1342697235", "name": "Southgate Community Library", "amenity": "library", "wheelchair": null, "emergency": null, "address": "1601-14 Cross Link Road" }, "geometry": { "type": "Point", "coordinates": [ -78.615385649988781, 35.754910600104651 ] } },
{ "type": "Feature", "properties": { "osm_id": "way/1342745978", "name": "Express Library Fayetteville Street", "amenity": "library", "wheelchair": null, "emergency": null, "address": "336 Fayetteville Street" }, "geometry": { "type": "Point", "coordinates": [ -78.63964544308314, 35.77585265781115 ] } },
{ "type": "Feature", "properties": { "osm_id": "way/1342746194", "name": "Oberlin Regional Library", "amenity": "library", "wheelchair": "yes", "emergency": null, "address": "1930 Clark Avenue" }, "geometry": { "type": "Point", "coordinates": [ -78.657908095562348, 35.789672406835983 ] } },
{ "type": "Feature", "properties": { "osm_id": "way/1342746942", "name": "Athens Drive Community Library", "amenity": "library", "wheelchair": null, "emergency": null, "address": "1420 Athens Drive" }, "geometry": { "type": "Point", "coordinates": [ -78.710898432146223, 35.768114841408909 ] } },
{ "type": "Feature", "properties": { "osm_id": "way/1342747667", "name": "West Popular Lending Library", "amenity": "library", "wheelchair": null, "emergency": null, "address": "5800 Duraleigh Road" }, "geometry": { "type": "Point", "coordinates": [ -78.711749699991827, 35.857469300087338 ] } },
{ "type": "Feature", "properties": { "osm_id": "way/1413398865", "name": "Saint Thomas More Academy High School Campus", "amenity": "school", "wheelchair": null, "emergency": null, "address": "3109 Spring Forest Road" }, "geometry": { "type": "Point", "coordinates": [ -78.588171927665812, 35.855827054608781 ] } },
{ "type": "Feature", "properties": { "osm_id": "way/1413398866", "name": "Saint Thomas More Academy Middle School Campus", "amenity": "school", "wheelchair": null, "emergency": null, "address": "5605 Spring Court" }, "geometry": { "type": "Point", "coordinates": [ -78.589928724480686, 35.856300552335547 ] } },
{ "type": "Feature", "properties": { "osm_id": "way/1449493769", "name": "Hayes Barton Place", "amenity": "social_facility", "wheelchair": null, "emergency": null, "address": "2600 Yeddington Drive" }, "geometry": { "type": "Point", "coordinates": [ -78.655538172616147, 35.811745396546208 ] } },
{ "type": "Feature", "properties": { "osm_id": "way/1490385686", "name": "Holy Name of Jesus Cathedral Parish Center", "amenity": "community_centre", "wheelchair": null, "emergency": null, "address": null }, "geometry": { "type": "Point", "coordinates": [ -78.670098756803768, 35.778448550501871 ] } }
]
}
